bin_code, banka_kodu, banka_adi, card_type, sub_type, virtual, prepaid, marka,null1,null2,yapıkredi,binlist.net,garanti
413252,46, AKBANK T.A.Ş., VISA, PLATINUM, , , axess,,,0,1,1
425669,46, AKBANK T.A.Ş., VISA, BUSINESS, , , axess,,,0,0,1
432071,46, AKBANK T.A.Ş., VISA, GOLD, , , axess,,,0,1,1
432072,46, AKBANK T.A.Ş., VISA, PLATINUM, , , axess,,,0,0,1
435508,46, AKBANK T.A.Ş., VISA, CLASSIC, , , axess,,,0,0,1
435509,46, AKBANK T.A.Ş., VISA, GOLD, , , axess,,,0,0,1
493837,46, AKBANK T.A.Ş., VISA, Acquiring, , , ,,,0,0,1
512754,46, AKBANK T.A.Ş., MASTERCARD, GOLD, , , axess,,,0,0,1
520932,46, AKBANK T.A.Ş., MASTERCARD, CLASSIC, , , axess,,,0,0,1
521807,46, AKBANK T.A.Ş., MASTERCARD, PLATINUM, , , axess,,,0,0,1
524347,46, AKBANK T.A.Ş., MASTERCARD, PLATINUM, , , axess,,,0,1,1
542110,46, AKBANK T.A.Ş., MASTERCARD, Acquiring, , , ,,,0,0,0
552608,46, AKBANK T.A.Ş., MASTERCARD, BUSINESS, , , axess,,,0,0,1
552609,46, AKBANK T.A.Ş., MASTERCARD, BUSINESS, , , axess,,,0,0,1
553056,46, AKBANK T.A.Ş., MASTERCARD, BUSINESS, , , axess,,,0,0,1
557113,46, AKBANK T.A.Ş., MASTERCARD, CLASSIC, , , axess,,,0,1,1
557829,46, AKBANK T.A.Ş., MASTERCARD, GOLD, , , axess,,,0,1,1
417715,203, ALBARAKA TÜRK KATILIM BANKASI A.Ş., VISA, BUSINESS, , ,world,,,1,0,1
432284,203, ALBARAKA TÜRK KATILIM BANKASI A.Ş., VISA, CLASSIC, , ,world,,,1,0,1
432285,203, ALBARAKA TÜRK KATILIM BANKASI A.Ş., VISA, GOLD, , ,world,,,1,0,1
534264,203, ALBARAKA TÜRK KATILIM BANKASI A.Ş., MASTERCARD, CLASSIC, , ,world,,,1,0,1
547234,203, ALBARAKA TÜRK KATILIM BANKASI A.Ş., MASTERCARD, BUSINESS, , ,world,,,1,0,1
548232,203, ALBARAKA TÜRK KATILIM BANKASI A.Ş., MASTERCARD, GOLD, , , ,,,0,0,1
511583,203, ALBARAKA TÜRK KATILIM BANKASI A.Ş., MASTERCARD,,,,world,,,1,0,1
424935,203, ALBARAKA TÜRK KATILIM BANKASI A.Ş., VISA,,,,world,,,1,0,1
425846,135, ANADOLUBANK A.Ş., VISA, GOLD, , ,world,,,1,0,1
425847,135, ANADOLUBANK A.Ş., VISA, CLASSIC, , ,world,,,1,0,1
425848,135, ANADOLUBANK A.Ş., VISA, BUSINESS, , ,world,,,1,0,1
441341,135, ANADOLUBANK A.Ş., VISA, PLATINUM, , ,world,,,1,0,1
522240,135, ANADOLUBANK A.Ş., MASTERCARD, CLASSIC, , ,world,,,1,0,1
522241,135, ANADOLUBANK A.Ş., MASTERCARD, GOLD, , ,world,,,1,0,1
554301,135, ANADOLUBANK A.Ş., MASTERCARD, PLATINUM, , ,world,,,1,0,1
558593,135, ANADOLUBANK A.Ş., MASTERCARD, BUSINESS, , ,world,,,1,0,1
402275,208, ASYA KATILIM BANKASI A.Ş., VISA, CLASSIC, , , ,,,0,0,0
402276,208, ASYA KATILIM BANKASI A.Ş., VISA, GOLD, , , ,,,0,0,0
402280,208, ASYA KATILIM BANKASI A.Ş., VISA, CLASSIC, , , ,,,0,0,0
416987,208, ASYA KATILIM BANKASI A.Ş., VISA, BUSINESS, , , ,,,0,0,0
441033,208, ASYA KATILIM BANKASI A.Ş., VISA, CLASSIC, virtual, , ,,,0,0,0
515849,208, ASYA KATILIM BANKASI A.Ş., MASTERCARD, GOLD, , , ,,,0,0,0
524384,208, ASYA KATILIM BANKASI A.Ş., MASTERCARD, PLATINUM, , , ,,,0,0,0
527585,208, ASYA KATILIM BANKASI A.Ş., MASTERCARD, CLASSIC, , , ,,,0,0,0
529462,208, ASYA KATILIM BANKASI A.Ş., MASTERCARD, CLASSIC, virtual, , ,,,0,0,0
531334,208, ASYA KATILIM BANKASI A.Ş., MASTERCARD, CLASSIC, , , ,,,0,1,0
547799,208, ASYA KATILIM BANKASI A.Ş., MASTERCARD, BUSINESS, , , ,,,0,0,0
552529,208, ASYA KATILIM BANKASI A.Ş., MASTERCARD, BUSINESS, virtual, , ,,,0,0,0
426391,92, CITIBANK A.Ş., VISA, GOLD, , , ,,,0,0,0
426392,92, CITIBANK A.Ş., VISA, CLASSIC, , , ,,,0,0,0
450050,92, CITIBANK A.Ş., VISA, CLASSIC, , , axess,,,0,0,0
450051,92, CITIBANK A.Ş., VISA, GOLD, , , axess,,,0,0,0
521376,92, CITIBANK A.Ş., MASTERCARD, PLATINUM, , , axess,,,0,0,0
544127,92, CITIBANK A.Ş., MASTERCARD, CLASSIC, , , axess,,,0,0,0
544445,92, CITIBANK A.Ş., MASTERCARD, CLASSIC, , , ,,,0,0,0
544460,92, CITIBANK A.Ş., MASTERCARD, GOLD, , , ,,,0,0,0
547712,92, CITIBANK A.Ş., MASTERCARD, BUSINESS, , , ,,,0,0,0
549220,92, CITIBANK A.Ş., MASTERCARD, GOLD, , , axess,,,0,0,0
403134,134, DENİZBANK A.Ş., VISA, BUSINESS, , ,bonus,,,0,0,1
408625,134, DENİZBANK A.Ş., VISA, PLATINUM, , , ,,,0,0,1
409070,134, DENİZBANK A.Ş., VISA, CLASSIC, , ,bonus,,,0,1,1
411924,134, DENİZBANK A.Ş., VISA, BUSINESS, , , ,,,0,0,1
423667,134, DENİZBANK A.Ş., VISA, CLASSIC, , PREPAID, ,,,0,0,1
424360,134, DENİZBANK A.Ş., VISA, CLASSIC, , ,bonus,,,0,0,1
424361,134, DENİZBANK A.Ş., VISA, CLASSIC, , ,bonus,,,0,0,1
441139,134, DENİZBANK A.Ş., VISA, CLASSIC, virtual, , ,,,0,0,1
460345,134, DENİZBANK A.Ş., VISA, CLASSIC, , , ,,,0,0,1
460347,134, DENİZBANK A.Ş., VISA, GOLD, , , ,,,0,0,1
462276,134, DENİZBANK A.Ş., VISA, CLASSIC, , PREPAID, ,,,0,0,1
472914,134, DENİZBANK A.Ş., VISA, BUSINESS, , ,bonus,,,0,0,1
489456,134, DENİZBANK A.Ş., VISA, CLASSIC, , ,bonus,,,0,0,1
510063,134, DENİZBANK A.Ş., MASTERCARD, GOLD, , , ,,,0,0,1
510118,134, DENİZBANK A.Ş., MASTERCARD, BUSINESS, , ,bonus,,,0,0,1
510119,134, DENİZBANK A.Ş., MASTERCARD, BUSINESS, , , ,,,0,0,1
512017,134, DENİZBANK A.Ş., MASTERCARD, GOLD, , ,bonus,,,0,0,1
512117,134, DENİZBANK A.Ş., MASTERCARD, PLATINUM, , ,bonus,,,0,0,1
514924,134, DENİZBANK A.Ş., MASTERCARD, PLATINUM, , , ,,,0,0,1
520019,134, DENİZBANK A.Ş., MASTERCARD, CLASSIC, , ,bonus,,,0,0,1
520303,134, DENİZBANK A.Ş., MASTERCARD, CLASSIC, virtual, ,bonus,,,0,0,1
543358,134, DENİZBANK A.Ş., MASTERCARD, CLASSIC, , , ,,,0,0,1
543400,134, DENİZBANK A.Ş., MASTERCARD, GOLD, , , ,,,0,0,1
543427,134, DENİZBANK A.Ş., MASTERCARD, CLASSIC, , , ,,,0,0,1
546764,134, DENİZBANK A.Ş., MASTERCARD, CLASSIC, , , ,,,0,0,1
554483,134, DENİZBANK A.Ş., MASTERCARD, GOLD, , , ,,,0,0,1
558514,134, DENİZBANK A.Ş., MASTERCARD, BUSINESS, , , ,,,0,0,1
489458,134, DENİZBANK A.Ş., VISA, BUSINESS, , ,bonus,,,0,0,1
424407,125, EUROBANK TEKFEN A.Ş., VISA, BUSINESS, , , ,,,0,0,0
483013,125, EUROBANK TEKFEN A.Ş., VISA, Acquiring, , , ,,,0,0,1
491373,125, EUROBANK TEKFEN A.Ş., VISA, GOLD, , , ,,,0,0,1
491374,125, EUROBANK TEKFEN A.Ş., VISA, CLASSIC, , , ,,,0,0,0
498516,125, EUROBANK TEKFEN A.Ş., VISA, CLASSIC, , ,bonus,,,0,0,1
498517,125, EUROBANK TEKFEN A.Ş., VISA, GOLD, , ,bonus,,,0,0,1
498518,125, EUROBANK TEKFEN A.Ş., VISA, PLATINUM, , ,bonus,,,0,0,1
498519,125, EUROBANK TEKFEN A.Ş., VISA, PLATINUM, , ,bonus,,,0,0,1
498520,125, EUROBANK TEKFEN A.Ş., VISA, BUSINESS, , ,bonus,,,0,0,1
498521,125, EUROBANK TEKFEN A.Ş., VISA, BUSINESS, , ,bonus,,,0,0,1
543943,125, EUROBANK TEKFEN A.Ş., MASTERCARD, CLASSIC, , , ,,,0,0,1
543944,125, EUROBANK TEKFEN A.Ş., MASTERCARD, GOLD, , , ,,,0,0,0
545863,125, EUROBANK TEKFEN A.Ş., MASTERCARD, Acquiring, , , ,,,0,0,1
547680,125, EUROBANK TEKFEN A.Ş., MASTERCARD, BUSINESS, , , ,,,0,0,0
402277,111, FİNANS BANK A.Ş., VISA, CLASSIC, , , ,,,0,0,1
402278,111, FİNANS BANK A.Ş., VISA, GOLD, , , ,,,0,1,1
402563,111, FİNANS BANK A.Ş., VISA, CLASSIC, , , ,,,0,0,1
403082,111, FİNANS BANK A.Ş., VISA, BUSINESS, , , ,,,0,0,1
409364,111, FİNANS BANK A.Ş., VISA, CLASSIC, , , ,,,0,0,1
410147,111, FİNANS BANK A.Ş., VISA, CLASSIC, , , ,,,0,0,1
413583,111, FİNANS BANK A.Ş., VISA, GOLD, , , ,,,0,0,1
414388,111, FİNANS BANK A.Ş., VISA, CLASSIC, virtual, , ,,,0,0,1
415565,111, FİNANS BANK A.Ş., VISA, CLASSIC, , , ,,,0,0,1
422376,111, FİNANS BANK A.Ş., VISA, CLASSIC, , , ,,,0,0,1
423277,111, FİNANS BANK A.Ş., VISA, CLASSIC, virtual, , ,,,0,0,1
423398,111, FİNANS BANK A.Ş., VISA, CLASSIC, , , ,,,0,0,1
427311,111, FİNANS BANK A.Ş., VISA, BUSINESS, , , ,,,0,0,1
435653,111, FİNANS BANK A.Ş., VISA, PLATINUM, , , ,,,0,0,1
441007,111, FİNANS BANK A.Ş., VISA, CLASSIC, , , ,,,0,0,1
444029,111, FİNANS BANK A.Ş., VISA, GOLD, , , ,,,0,0,1
499850,111, FİNANS BANK A.Ş., VISA, CLASSIC, , , ,,,0,0,1
499851,111, FİNANS BANK A.Ş., VISA, PLATINUM, , , ,,,0,0,1
499852,111, FİNANS BANK A.Ş., VISA, CLASSIC, , , ,,,0,0,1
519324,111, FİNANS BANK A.Ş., MASTERCARD, PLATINUM, , , ,,,0,0,1
521022,111, FİNANS BANK A.Ş., MASTERCARD, CLASSIC, , , ,,,0,0,1
521836,111, FİNANS BANK A.Ş., MASTERCARD, PLATINUM, , , ,,,0,0,1
529572,111, FİNANS BANK A.Ş., MASTERCARD, PLATINUM, , , ,,,0,0,1
531157,111, FİNANS BANK A.Ş., MASTERCARD, CLASSIC, , , ,,,0,1,1
545120,111, FİNANS BANK A.Ş., MASTERCARD, SIGNIA, , , ,,,0,0,1
545616,111, FİNANS BANK A.Ş., MASTERCARD, CLASSIC, , , ,,,0,0,1
545847,111, FİNANS BANK A.Ş., MASTERCARD, GOLD, , , ,,,0,0,1
547567,111, FİNANS BANK A.Ş., MASTERCARD, BUSINESS, , , ,,,0,0,1
547800,111, FİNANS BANK A.Ş., MASTERCARD, BUSINESS, , , ,,,0,0,1
405913,123, HSBC BANK A.Ş., VISA, GOLD, , , ,,,0,0,1
405917,123, HSBC BANK A.Ş., VISA, CLASSIC, , , ,,,0,0,1
405918,123, HSBC BANK A.Ş., VISA, GOLD, , , ,,,0,0,1
409071,123, HSBC BANK A.Ş., VISA, CLASSIC, , , ,,,0,0,1
422629,123, HSBC BANK A.Ş., VISA, GOLD, , , ,,,0,0,1
424909,123, HSBC BANK A.Ş., VISA, CLASSIC, virtual, , ,,,0,0,1
428240,123, HSBC BANK A.Ş., VISA, PLATINUM, , , ,,,0,1,1
496019,123, HSBC BANK A.Ş., VISA, CLASSIC, virtual, , ,,,0,0,1
510005,123, HSBC BANK A.Ş., MASTERCARD, CLASSIC, virtual, , ,,,0,0,1
512651,123, HSBC BANK A.Ş., MASTERCARD, CLASSIC, , , ,,,0,0,1
519399,123, HSBC BANK A.Ş., MASTERCARD, CLASSIC, virtual, , ,,,0,0,1
521045,123, HSBC BANK A.Ş., MASTERCARD, CLASSIC, , , ,,,0,0,0
522054,123, HSBC BANK A.Ş., MASTERCARD, CLASSIC, virtual, , ,,,0,0,0
525413,123, HSBC BANK A.Ş., MASTERCARD, GOLD, , , ,,,0,1,1
525795,123, HSBC BANK A.Ş., MASTERCARD, GOLD, , , ,,,0,0,1
540643,123, HSBC BANK A.Ş., MASTERCARD, CLASSIC, , , ,,,0,0,1
542254,123, HSBC BANK A.Ş., MASTERCARD, CLASSIC, , , ,,,0,0,1
545183,123, HSBC BANK A.Ş., MASTERCARD, SIGNIA, , , ,,,0,0,1
550472,123, HSBC BANK A.Ş., MASTERCARD, CLASSIC, , , ,,,0,0,1
550473,123, HSBC BANK A.Ş., MASTERCARD, GOLD, , , ,,,0,1,1
552143,123, HSBC BANK A.Ş., MASTERCARD, PLATINUM, , , ,,,0,0,1
556030,123, HSBC BANK A.Ş., MASTERCARD, BUSINESS, , , ,,,0,0,1
556031,123, HSBC BANK A.Ş., MASTERCARD, BUSINESS, , , ,,,0,0,1
556033,123, HSBC BANK A.Ş., MASTERCARD, BUSINESS, , , ,,,0,0,1
556034,123, HSBC BANK A.Ş., MASTERCARD, BUSINESS, , , ,,,0,0,1
556665,123, HSBC BANK A.Ş., MASTERCARD, BUSINESS, , , ,,,0,0,1
400684,99, ING BANK A.Ş., VISA, CLASSIC, virtual, ,bonus,,,0,0,1
408579,99, ING BANK A.Ş., VISA, CLASSIC, , ,bonus,,,0,0,1
414070,99, ING BANK A.Ş., VISA, PLATINUM, , , ,,,0,0,1
420322,99, ING BANK A.Ş., VISA, GOLD, , ,bonus,,,0,0,1
420323,99, ING BANK A.Ş., VISA, GOLD, , ,bonus,,,0,0,1
420324,99, ING BANK A.Ş., VISA, PLATINUM, , ,bonus,,,0,0,1
455571,99, ING BANK A.Ş., VISA, GOLD, , , ,,,0,0,1
480296,99, ING BANK A.Ş., VISA, BUSINESS, , ,bonus,,,0,0,1
490805,99, ING BANK A.Ş., VISA, CLASSIC, , , ,,,0,0,1
490806,99, ING BANK A.Ş., VISA, GOLD, , , ,,,0,0,1
490807,99, ING BANK A.Ş., VISA, BUSINESS, , , ,,,0,0,1
510151,99, ING BANK A.Ş., MASTERCARD, CLASSIC, virtual, ,bonus,,,0,0,1
532443,99, ING BANK A.Ş., MASTERCARD, CLASSIC, , ,bonus,,,0,0,1
540024,99, ING BANK A.Ş., MASTERCARD, CLASSIC, , , ,,,0,0,1
540025,99, ING BANK A.Ş., MASTERCARD, BUSINESS, , , ,,,0,0,1
542029,99, ING BANK A.Ş., MASTERCARD, GOLD, , , ,,,0,0,1
542605,99, ING BANK A.Ş., MASTERCARD, CLASSIC, , , ,,,0,0,1
542965,99, ING BANK A.Ş., MASTERCARD, GOLD, , ,bonus,,,0,0,1
542967,99, ING BANK A.Ş., MASTERCARD, GOLD, , ,bonus,,,0,0,1
547765,99, ING BANK A.Ş., MASTERCARD, BUSINESS, , ,bonus,,,0,0,1
548819,99, ING BANK A.Ş., MASTERCARD, GOLD, , , ,,,0,0,1
554297,99, ING BANK A.Ş., MASTERCARD, CLASSIC, , , ,,,0,0,1
554570,99, ING BANK A.Ş., MASTERCARD, PLATINUM, , ,bonus,,,0,0,1
402589,205, KUVEYT TÜRK KATILIM BANKASI A.Ş., VISA, CLASSIC, , , ,,,0,0,1
402590,205, KUVEYT TÜRK KATILIM BANKASI A.Ş., VISA, GOLD, , , ,,,0,1,1
402592,205, KUVEYT TÜRK KATILIM BANKASI A.Ş., VISA, BUSINESS, , , ,,,0,0,1
403360,205, KUVEYT TÜRK KATILIM BANKASI A.Ş., VISA, PLATINUM, , , ,,,0,0,1
403810,205, KUVEYT TÜRK KATILIM BANKASI A.Ş., VISA, BUSINESS, , , ,,,0,0,1
410555,205, KUVEYT TÜRK KATILIM BANKASI A.Ş., VISA, CLASSIC, , , ,,,0,0,1
410556,205, KUVEYT TÜRK KATILIM BANKASI A.Ş., VISA, CLASSIC, , , ,,,0,0,1
424487,205, KUVEYT TÜRK KATILIM BANKASI A.Ş., VISA, Acquiring, , , ,,,0,0,1
431024,205, KUVEYT TÜRK KATILIM BANKASI A.Ş., VISA, BUSINESS, , , ,,,0,0,1
511660,205, KUVEYT TÜRK KATILIM BANKASI A.Ş., MASTERCARD, BUSINESS, , , ,,,0,0,1
512595,205, KUVEYT TÜRK KATILIM BANKASI A.Ş., MASTERCARD, CLASSIC, , , ,,,0,0,1
518896,205, KUVEYT TÜRK KATILIM BANKASI A.Ş., MASTERCARD, GOLD, , , ,,,0,0,1
520180,205, KUVEYT TÜRK KATILIM BANKASI A.Ş., MASTERCARD, PLATINUM, , , ,,,0,0,1
547564,205, KUVEYT TÜRK KATILIM BANKASI A.Ş., MASTERCARD, BUSINESS, , , ,,,0,0,1
525312,205, KUVEYT TÜRK KATILIM BANKASI A.Ş., MASTERCARD, MIXED PRODUCT, , , ,,,0,0,1
518679,103, MILLENNIUM BANK A.Ş., MASTERCARD, PLATINUM, , , ,,,0,0,0
534913,103, MILLENNIUM BANK A.Ş., MASTERCARD, CLASSIC, , , ,,,0,0,0
543624,103, MILLENNIUM BANK A.Ş., MASTERCARD, GOLD, , , ,,,0,0,0
492192,900, PROVUS BİLİŞİM, VISA, Acquiring, , , ,,,0,0,1
512446,900, PROVUS BİLİŞİM, MASTERCARD, GOLD, , , ,,,0,0,1
515865,900, PROVUS BİLİŞİM, MASTERCARD, GOLD, , , ,,,0,0,1
520909,900, PROVUS BİLİŞİM, MASTERCARD, , , , ,,,0,0,1
403836,59, ŞEKERBANK T.A.Ş., VISA, BUSINESS, , , ,,,0,0,1
409622,59, ŞEKERBANK T.A.Ş., VISA, Acquiring, , , ,,,0,0,1
411156,59, ŞEKERBANK T.A.Ş., VISA, CLASSIC, , ,bonus,,,0,0,1
411157,59, ŞEKERBANK T.A.Ş., VISA, GOLD, , ,bonus,,,0,0,1
411158,59, ŞEKERBANK T.A.Ş., VISA, PLATINUM, , ,bonus,,,0,0,1
411159,59, ŞEKERBANK T.A.Ş., VISA, BUSINESS, , ,bonus,,,0,0,1
411160,59, ŞEKERBANK T.A.Ş., VISA, Acquiring, , , ,,,0,0,1
433383,59, ŞEKERBANK T.A.Ş., VISA, CLASSIC, , , ,,,0,0,1
433384,59, ŞEKERBANK T.A.Ş., VISA, GOLD, , , ,,,0,0,1
494063,59, ŞEKERBANK T.A.Ş., VISA, GOLD, , , ,,,0,0,1
494064,59, ŞEKERBANK T.A.Ş., VISA, CLASSIC, , , ,,,0,0,1
521394,59, ŞEKERBANK T.A.Ş., MASTERCARD, PLATINUM, , ,bonus,,,0,0,1
521827,59, ŞEKERBANK T.A.Ş., MASTERCARD, PLATINUM, , , ,,,0,0,1
525404,59, ŞEKERBANK T.A.Ş., MASTERCARD, CLASSIC, , , ,,,0,0,1
530866,59, ŞEKERBANK T.A.Ş., MASTERCARD, GOLD, , ,bonus,,,0,0,1
539703,59, ŞEKERBANK T.A.Ş., MASTERCARD, GOLD, , , ,,,0,0,1
547311,59, ŞEKERBANK T.A.Ş., MASTERCARD, BUSINESS, , ,bonus,,,0,0,1
549208,59, ŞEKERBANK T.A.Ş., MASTERCARD, CLASSIC, , ,bonus,,,0,0,1
549394,59, ŞEKERBANK T.A.Ş., MASTERCARD, Acquiring, , ,bonus,,,0,0,1
403280,62, T. GARANTİ BANKASI A.Ş., VISA, CLASSIC, virtual, ,bonus,,,0,0,1
403666,62, T. GARANTİ BANKASI A.Ş., VISA, BUSINESS, , ,bonus,,,0,0,1
404308,62, T. GARANTİ BANKASI A.Ş., VISA, CLASSIC, , ,bonus,,,0,1,1
413836,62, T. GARANTİ BANKASI A.Ş., VISA, PLATINUM, , ,bonus,,,0,0,1
426886,62, T. GARANTİ BANKASI A.Ş., VISA, CLASSIC, , ,bonus,,,0,0,1
426887,62, T. GARANTİ BANKASI A.Ş., VISA, GOLD, , ,bonus,,,0,0,1
426888,62, T. GARANTİ BANKASI A.Ş., VISA, PLATINUM, , ,bonus,,,0,0,1
427314,62, T. GARANTİ BANKASI A.Ş., VISA, BUSINESS, , ,bonus,,,0,0,1
427315,62, T. GARANTİ BANKASI A.Ş., VISA, BUSINESS, , ,bonus,,,0,0,1
428220,62, T. GARANTİ BANKASI A.Ş., VISA, CLASSIC, , ,bonus,,,0,0,1
428221,62, T. GARANTİ BANKASI A.Ş., VISA, PLATINUM, , ,bonus,,,0,0,1
432154,62, T. GARANTİ BANKASI A.Ş., VISA, CLASSIC, virtual, ,bonus,,,0,0,1
448472,62, T. GARANTİ BANKASI A.Ş., VISA, BUSINESS, , ,bonus,,,0,0,1
461668,62, T. GARANTİ BANKASI A.Ş., VISA, PLATINUM, , ,bonus,,,0,0,1
462274,62, T. GARANTİ BANKASI A.Ş., VISA, BUSINESS, , ,bonus,,,0,0,1
467293,62, T. GARANTİ BANKASI A.Ş., VISA, GOLD, , ,bonus,,,0,0,1
467294,62, T. GARANTİ BANKASI A.Ş., VISA, CLASSIC, , ,bonus,,,0,0,1
467295,62, T. GARANTİ BANKASI A.Ş., VISA, BUSINESS, , ,bonus,,,0,0,1
474151,62, T. GARANTİ BANKASI A.Ş., VISA, CLASSIC, virtual, ,bonus,,,0,1,1
482489,62, T. GARANTİ BANKASI A.Ş., VISA, CLASSIC, , ,bonus,,,0,0,1
482490,62, T. GARANTİ BANKASI A.Ş., VISA, GOLD, , ,bonus,,,0,1,1
482491,62, T. GARANTİ BANKASI A.Ş., VISA, PLATINUM, , ,bonus,,,0,0,1
486567,62, T. GARANTİ BANKASI A.Ş., VISA, BUSINESS, , , ,,,0,0,0
487074,62, T. GARANTİ BANKASI A.Ş., VISA, CLASSIC, , ,bonus,,,0,0,1
487075,62, T. GARANTİ BANKASI A.Ş., VISA, CLASSIC, , ,bonus,,,0,0,1
489478,62, T. GARANTİ BANKASI A.Ş., VISA, GOLD, , ,bonus,,,0,0,1
490175,62, T. GARANTİ BANKASI A.Ş., VISA, CLASSIC, , ,bonus,,,0,0,1
492186,62, T. GARANTİ BANKASI A.Ş., VISA, CLASSIC, , ,bonus,,,0,0,1
492187,62, T. GARANTİ BANKASI A.Ş., VISA, GOLD, , ,bonus,,,0,0,1
492193,62, T. GARANTİ BANKASI A.Ş., VISA, CLASSIC, , ,bonus,,,0,0,1
493845,62, T. GARANTİ BANKASI A.Ş., VISA, GOLD, , ,bonus,,,0,0,1
514915,62, T. GARANTİ BANKASI A.Ş., MASTERCARD, PLATINUM, , ,bonus,,,0,0,1
520097,62, T. GARANTİ BANKASI A.Ş., MASTERCARD, CLASSIC, , ,bonus,,,0,0,1
520922,62, T. GARANTİ BANKASI A.Ş., MASTERCARD, CLASSIC, , ,bonus,,,0,0,1
520940,62, T. GARANTİ BANKASI A.Ş., MASTERCARD, CLASSIC, , ,bonus,,,0,0,1
520988,62, T. GARANTİ BANKASI A.Ş., MASTERCARD, GOLD, , ,bonus,,,0,0,1
521368,62, T. GARANTİ BANKASI A.Ş., MASTERCARD, PLATINUM, , , ,,,0,0,0
521824,62, T. GARANTİ BANKASI A.Ş., MASTERCARD, PLATINUM, , ,bonus,,,0,0,1
521825,62, T. GARANTİ BANKASI A.Ş., MASTERCARD, PLATINUM, , ,bonus,,,0,0,1
521832,62, T. GARANTİ BANKASI A.Ş., MASTERCARD, PLATINUM, , ,bonus,,,0,0,0
522204,62, T. GARANTİ BANKASI A.Ş., MASTERCARD, GOLD, , ,bonus,,,0,0,1
528939,62, T. GARANTİ BANKASI A.Ş., MASTERCARD, PLATINUM, , ,bonus,,,0,1,1
528956,62, T. GARANTİ BANKASI A.Ş., MASTERCARD, PLATINUM, , ,bonus,,,0,0,1
533169,62, T. GARANTİ BANKASI A.Ş., MASTERCARD, BUSINESS, , ,bonus,,,0,0,1
534261,62, T. GARANTİ BANKASI A.Ş., MASTERCARD, WORLD, , ,bonus,,,0,0,1
540036,62, T. GARANTİ BANKASI A.Ş., MASTERCARD, CLASSIC, , ,bonus,,,0,0,1
540037,62, T. GARANTİ BANKASI A.Ş., MASTERCARD, BUSINESS, , ,bonus,,,0,0,1
540226,62, T. GARANTİ BANKASI A.Ş., MASTERCARD, CLASSIC, , ,bonus,,,0,0,0
540227,62, T. GARANTİ BANKASI A.Ş., MASTERCARD, CLASSIC, , ,bonus,,,0,0,0
540669,62, T. GARANTİ BANKASI A.Ş., MASTERCARD, CLASSIC, , ,bonus,,,0,0,1
540709,62, T. GARANTİ BANKASI A.Ş., MASTERCARD, CLASSIC, , ,bonus,,,0,0,1
541865,62, T. GARANTİ BANKASI A.Ş., MASTERCARD, GOLD, , ,bonus,,,0,0,1
542030,62, T. GARANTİ BANKASI A.Ş., MASTERCARD, GOLD, , ,bonus,,,0,0,1
544078,62, T. GARANTİ BANKASI A.Ş., MASTERCARD, CLASSIC, virtual, ,bonus,,,0,0,1
545102,62, T. GARANTİ BANKASI A.Ş., MASTERCARD, SIGNIA, , ,bonus,,,0,0,0
546001,62, T. GARANTİ BANKASI A.Ş., MASTERCARD, CLASSIC, , PREPAID,bonus,,,0,0,0
547302,62, T. GARANTİ BANKASI A.Ş., MASTERCARD, BUSINESS, , , ,,,0,0,0
552095,62, T. GARANTİ BANKASI A.Ş., MASTERCARD, PLATINUM, , ,bonus,,,0,0,0
553130,62, T. GARANTİ BANKASI A.Ş., MASTERCARD, BUSINESS, , ,bonus,,,0,0,1
554796,62, T. GARANTİ BANKASI A.Ş., MASTERCARD, GOLD, , ,bonus,,,0,0,0
554960,62, T. GARANTİ BANKASI A.Ş., MASTERCARD, CLASSIC, , ,bonus,,,0,1,1
557023,62, T. GARANTİ BANKASI A.Ş., MASTERCARD, CLASSIC, virtual, , bonus,,,0,0,1
557945,62, T. GARANTİ BANKASI A.Ş., MASTERCARD, CLASSIC, virtual, , ,,,0,0,0
558699,62, T. GARANTİ BANKASI A.Ş., MASTERCARD, BUSINESS, , ,bonus,,,0,0,1
374424,62, T. GARANTİ BANKASI A.Ş.,AMEX,,,,bonus,,,,,1
415514,12, T. HALK BANKASI A.Ş., VISA, PLATINUM, , , ,,,0,0,1
492094,12, T. HALK BANKASI A.Ş., VISA, GOLD, , , ,,,0,0,1
492095,12, T. HALK BANKASI A.Ş., VISA, CLASSIC, , , ,,,0,0,1
498852,12, T. HALK BANKASI A.Ş., VISA, BUSINESS, , , ,,,0,0,1
521378,12, T. HALK BANKASI A.Ş., MASTERCARD, PLATINUM, , , ,,,0,0,1
540435,12, T. HALK BANKASI A.Ş., MASTERCARD, GOLD, , , ,,,0,0,1
543081,12, T. HALK BANKASI A.Ş., MASTERCARD, CLASSIC, , , ,,,0,0,1
552879,12, T. HALK BANKASI A.Ş., MASTERCARD, BUSINESS, , , ,,,0,0,1
510056,12, T. HALK BANKASI A.Ş., MASTERCARD, CLASSIC, virtual, , ,,,0,0,1
418342,64, T. İŞ BANKASI A.Ş., VISA, CLASSIC, , ,maximum,,,0,0,1
418343,64, T. İŞ BANKASI A.Ş., VISA, CLASSIC, , ,maximum,,,0,0,1
418344,64, T. İŞ BANKASI A.Ş., VISA, GOLD, , ,maximum,,,0,0,1
418345,64, T. İŞ BANKASI A.Ş., VISA, GOLD, , ,maximum,,,0,0,1
450803,64, T. İŞ BANKASI A.Ş., VISA, BUSINESS, , ,maximum,,,0,0,1
454318,64, T. İŞ BANKASI A.Ş., VISA, CLASSIC, , , ,,,0,0,1
454358,64, T. İŞ BANKASI A.Ş., VISA, GOLD, , ,maximum,,,0,0,1
454359,64, T. İŞ BANKASI A.Ş., VISA, GOLD, , ,maximum,,,0,0,1
454360,64, T. İŞ BANKASI A.Ş., VISA, CLASSIC, , ,maximum,,,0,1,1
510152,64, T. İŞ BANKASI A.Ş., MASTERCARD, CLASSIC, , ,maximum,,,0,1,1
540667,64, T. İŞ BANKASI A.Ş., MASTERCARD, CLASSIC, , ,maximum,,,0,0,1
540668,64, T. İŞ BANKASI A.Ş., MASTERCARD, GOLD, , ,maximum,,,0,0,1
543771,64, T. İŞ BANKASI A.Ş., MASTERCARD, CLASSIC, , ,maximum,,,0,1,1
552096,64, T. İŞ BANKASI A.Ş., MASTERCARD, PLATINUM, , ,maximum,,,0,0,1
553058,64, T. İŞ BANKASI A.Ş., MASTERCARD, BUSINESS, , , ,,,0,0,1
402940,15, T. VAKIFLAR BANKASI T.A.O., VISA, CLASSIC, , ,world,,,1,0,1
409084,15, T. VAKIFLAR BANKASI T.A.O., VISA, CLASSIC, , ,world,,,1,0,1
411724,15, T. VAKIFLAR BANKASI T.A.O., VISA, CLASSIC, , ,world,,,1,0,1
411942,15, T. VAKIFLAR BANKASI T.A.O., VISA, CLASSIC, , ,world,,,1,0,1
411943,15, T. VAKIFLAR BANKASI T.A.O., VISA, CLASSIC, , ,world,,,1,0,1
411944,15, T. VAKIFLAR BANKASI T.A.O., VISA, CLASSIC, , ,world,,,1,0,1
411979,15, T. VAKIFLAR BANKASI T.A.O., VISA, PLATINUM, , ,world,,,1,0,1
415792,15, T. VAKIFLAR BANKASI T.A.O., VISA, CLASSIC, , ,world,,,1,0,1
416757,15, T. VAKIFLAR BANKASI T.A.O., VISA, CLASSIC, , ,world,,,1,0,1
428945,15, T. VAKIFLAR BANKASI T.A.O., VISA, BUSINESS, , , ,,,1,0,1
493840,15, T. VAKIFLAR BANKASI T.A.O., VISA, CLASSIC, , ,world,,,1,0,1
493841,15, T. VAKIFLAR BANKASI T.A.O., VISA, CLASSIC, , ,world,,,1,1,1
493846,15, T. VAKIFLAR BANKASI T.A.O., VISA, GOLD, , ,world,,,1,1,1
520017,15, T. VAKIFLAR BANKASI T.A.O., MASTERCARD, CLASSIC, , ,world,,,1,0,1
540045,15, T. VAKIFLAR BANKASI T.A.O., MASTERCARD, GOLD, , ,world,,,1,0,1
540046,15, T. VAKIFLAR BANKASI T.A.O., MASTERCARD, CLASSIC, , ,world,,,1,0,1
542119,15, T. VAKIFLAR BANKASI T.A.O., MASTERCARD, CLASSIC, , ,world,,,1,1,1
542798,15, T. VAKIFLAR BANKASI T.A.O., MASTERCARD, CLASSIC, , ,world,,,1,0,1
542804,15, T. VAKIFLAR BANKASI T.A.O., MASTERCARD, GOLD, , ,world,,,1,0,1
547244,15, T. VAKIFLAR BANKASI T.A.O., MASTERCARD, BUSINESS, , , ,,,1,0,1
552101,15, T. VAKIFLAR BANKASI T.A.O., MASTERCARD, PLATINUM, , ,world,,,1,0,1
479909,22, T. VAKIFLAR BANKASI T.A.O., VISA, PLATINUM,,,world,,,1,0,1
479908,23, T. VAKIFLAR BANKASI T.A.O., VISA, BUSINESS,,,world,,,1,0,1
413226,10, T.C. ZİRAAT BANKASI A.Ş., VISA, PLATINUM, , , ,,,0,0,1
444676,10, T.C. ZİRAAT BANKASI A.Ş., VISA, CLASSIC, , ,maximum,,,0,0,1
444677,10, T.C. ZİRAAT BANKASI A.Ş., VISA, GOLD, , ,maximum,,,0,1,1
444678,10, T.C. ZİRAAT BANKASI A.Ş., VISA, PLATINUM, , ,maximum,,,0,0,1
453955,10, T.C. ZİRAAT BANKASI A.Ş., VISA, CLASSIC, , , ,,,0,0,0
453956,10, T.C. ZİRAAT BANKASI A.Ş., VISA, GOLD, , , ,,,0,0,0
454671,10, T.C. ZİRAAT BANKASI A.Ş., VISA, CLASSIC, , , ,,,0,0,1
454672,10, T.C. ZİRAAT BANKASI A.Ş., VISA, CLASSIC, , , ,,,0,0,1
454673,10, T.C. ZİRAAT BANKASI A.Ş., VISA, BUSINESS, , , ,,,0,0,1
454674,10, T.C. ZİRAAT BANKASI A.Ş., VISA, GOLD, , , ,,,0,0,1
454894,10, T.C. ZİRAAT BANKASI A.Ş., VISA, CLASSIC, , , ,,,0,0,0
540130,10, T.C. ZİRAAT BANKASI A.Ş., MASTERCARD, CLASSIC, , , ,,,0,0,1
540134,10, T.C. ZİRAAT BANKASI A.Ş., MASTERCARD, GOLD, , , ,,,0,0,1
541001,10, T.C. ZİRAAT BANKASI A.Ş., MASTERCARD, CLASSIC, , , ,,,0,0,0
541033,10, T.C. ZİRAAT BANKASI A.Ş., MASTERCARD, GOLD, , , ,,,0,0,0
542374,10, T.C. ZİRAAT BANKASI A.Ş., MASTERCARD, CLASSIC, , ,maximum,,,0,0,1
547287,10, T.C. ZİRAAT BANKASI A.Ş., MASTERCARD, BUSINESS, , , ,,,0,0,1
404591,10, T.C. ZİRAAT BANKASI A.Ş.,VISA,Kredi Kartı,,,,,,,,1
407814,10, T.C. ZİRAAT BANKASI A.Ş.,VISA,Debit Kart,,,,,,,,1
447504,10, T.C. ZİRAAT BANKASI A.Ş.,VISA,Debit Kart,,,,,,,,1
469884,10, T.C. ZİRAAT BANKASI A.Ş.,VISA,Kredi Kartı,,,,,,,,1
476619,10, T.C. ZİRAAT BANKASI A.Ş.,VISA,Debit Kart,,,,,,,,1
482465,10, T.C. ZİRAAT BANKASI A.Ş.,VISA,Debit Kart,,,,,,,,1
512440,10, T.C. ZİRAAT BANKASI A.Ş.,MASTER,Debit Kart,,,,,,,,1
513662,10, T.C. ZİRAAT BANKASI A.Ş.,MASTER,Kredi Kartı,,,,,,,,1
516932,10, T.C. ZİRAAT BANKASI A.Ş.,VISA,Debit Kart,,,,,,,,1
523529,10, T.C. ZİRAAT BANKASI A.Ş.,MASTER,Kredi Kartı,,,,,,,,1
527682,10, T.C. ZİRAAT BANKASI A.Ş.,MASTER,Debit Kart,,,,,,,,1
528208,10, T.C. ZİRAAT BANKASI A.Ş.,MASTER,Debit Kart,,,,,,,,1
530905,10, T.C. ZİRAAT BANKASI A.Ş.,MASTER,Kredi Kartı,,,,,,,,1
531102,10, T.C. ZİRAAT BANKASI A.Ş.,MASTER,Debit Kart,,,,,,,,1
533154,10, T.C. ZİRAAT BANKASI A.Ş.,MASTER,Debit Kart,,,,,,,,1
534981,10, T.C. ZİRAAT BANKASI A.Ş.,MASTER,Kredi Kartı,,,,,,,,1
546957,10, T.C. ZİRAAT BANKASI A.Ş.,MASTER,Debit Kart,,,,,,,,1
549449,10, T.C. ZİRAAT BANKASI A.Ş.,MASTER,Kredi Kartı,,,,,,,,1
676123,10, T.C. ZİRAAT BANKASI A.Ş.,MASTER,Debit Kart,,,,,,,,1
676124,10, T.C. ZİRAAT BANKASI A.Ş.,MASTER,Debit Kart,,,,,,,,1
979217,10, T.C. ZİRAAT BANKASI A.Ş.,TROY,Kredi Kartı,,,,,,,,1
413226,10, T.C. ZİRAAT BANKASI A.Ş.,VISA,Kredi Kartı,,,,,,,,1
444676,10, T.C. ZİRAAT BANKASI A.Ş.,VISA,Kredi Kartı,,,,,,,,1
444677,10, T.C. ZİRAAT BANKASI A.Ş.,VISA,Kredi Kartı,,,,,,,,1
444678,10, T.C. ZİRAAT BANKASI A.Ş.,VISA,Kredi Kartı,,,,,,,,1
454671,10, T.C. ZİRAAT BANKASI A.Ş.,VISA,Kredi Kartı,,,,,,,,1
454672,10, T.C. ZİRAAT BANKASI A.Ş.,VISA,Kredi Kartı,,,,,,,,1
454673,10, T.C. ZİRAAT BANKASI A.Ş.,VISA,Kredi Kartı,,,,,,,,1
454674,10, T.C. ZİRAAT BANKASI A.Ş.,VISA,Kredi Kartı,,,,,,,,1
540130,10, T.C. ZİRAAT BANKASI A.Ş.,MASTER,Kredi Kartı,,,,,,,,1
540134,10, T.C. ZİRAAT BANKASI A.Ş.,MASTER,Kredi Kartı,,,,,,,,1
542374,10, T.C. ZİRAAT BANKASI A.Ş.,MASTER,Kredi Kartı,,,,,,,,1
547287,10, T.C. ZİRAAT BANKASI A.Ş.,MASTER,Kredi Kartı,,,,,,,,1
419389,96, TURKISH BANK A.Ş., VISA, Acquiring, , , ,,,0,0,1
518599,96, TURKISH BANK A.Ş., MASTERCARD, GOLD, , , ,,,0,0,1
529939,96, TURKISH BANK A.Ş., MASTERCARD, CLASSIC, , , ,,,0,0,1
552098,96, TURKISH BANK A.Ş., MASTERCARD, PLATINUM, , , ,,,0,0,1
548375,108, TURKLAND BANK A.Ş., MASTERCARD, PLATINUM, , , ,,,0,0,1
402458,32, TÜRK EKONOMİ BANKASI A.Ş., VISA, CLASSIC, , ,bonus,,,0,0,1
402459,32, TÜRK EKONOMİ BANKASI A.Ş., VISA, CLASSIC, , ,bonus,,,0,0,1
406015,32, TÜRK EKONOMİ BANKASI A.Ş., VISA, GOLD, , ,bonus,,,0,0,1
427707,32, TÜRK EKONOMİ BANKASI A.Ş., VISA, BUSINESS, , , ,,,0,0,1
440247,32, TÜRK EKONOMİ BANKASI A.Ş., VISA, CLASSIC, , , ,,,0,0,1
440273,32, TÜRK EKONOMİ BANKASI A.Ş., VISA, GOLD, , , ,,,0,0,1
440293,32, TÜRK EKONOMİ BANKASI A.Ş., VISA, CLASSIC, , ,bonus,,,0,0,1
440294,32, TÜRK EKONOMİ BANKASI A.Ş., VISA, GOLD, , , ,,,0,0,1
479227,32, TÜRK EKONOMİ BANKASI A.Ş., VISA, BUSINESS, , , ,,,0,0,1
489494,32, TÜRK EKONOMİ BANKASI A.Ş., VISA, CLASSIC, virtual, ,bonus,,,0,0,1
489495,32, TÜRK EKONOMİ BANKASI A.Ş., VISA, PLATINUM, , ,bonus,,,0,0,1
489496,32, TÜRK EKONOMİ BANKASI A.Ş., VISA, BUSINESS, , ,bonus,,,0,0,1
510138,32, TÜRK EKONOMİ BANKASI A.Ş., MASTERCARD, CLASSIC, , , ,,,0,0,1
510139,32, TÜRK EKONOMİ BANKASI A.Ş., MASTERCARD, GOLD, , , ,,,0,0,1
510221,32, TÜRK EKONOMİ BANKASI A.Ş., MASTERCARD, CLASSIC, virtual, ,bonus,,,0,0,1
512753,32, TÜRK EKONOMİ BANKASI A.Ş., MASTERCARD, GOLD, , ,bonus,,,0,0,1
512803,32, TÜRK EKONOMİ BANKASI A.Ş., MASTERCARD, CLASSIC, , ,bonus,,,0,0,1
524346,32, TÜRK EKONOMİ BANKASI A.Ş., MASTERCARD, PLATINUM, , ,bonus,,,0,0,1
524839,32, TÜRK EKONOMİ BANKASI A.Ş., MASTERCARD, CLASSIC, , ,bonus,,,0,0,1
524840,32, TÜRK EKONOMİ BANKASI A.Ş., MASTERCARD, CLASSIC, , ,bonus,,,0,0,1
528920,32, TÜRK EKONOMİ BANKASI A.Ş., MASTERCARD, PLATINUM, , ,bonus,,,0,0,1
530853,32, TÜRK EKONOMİ BANKASI A.Ş., MASTERCARD, CLASSIC, , ,bonus,,,0,0,1
545124,32, TÜRK EKONOMİ BANKASI A.Ş., MASTERCARD, SIGNIA, , ,bonus,,,0,0,1
553090,32, TÜRK EKONOMİ BANKASI A.Ş., MASTERCARD, BUSINESS, , ,bonus,,,0,0,1
404952,206, TÜRKİYE FİNANS KATILIM BANKASI A.Ş., VISA, CLASSIC, , , ,,,0,0,1
411685,206, TÜRKİYE FİNANS KATILIM BANKASI A.Ş., VISA, BUSINESS, , , ,,,0,0,1
428462,206, TÜRKİYE FİNANS KATILIM BANKASI A.Ş., VISA, CLASSIC, , ,bonus,,,0,0,1
435627,206, TÜRKİYE FİNANS KATILIM BANKASI A.Ş., VISA, CLASSIC, , , ,,,0,0,1
435628,206, TÜRKİYE FİNANS KATILIM BANKASI A.Ş., VISA, GOLD, , , ,,,0,0,1
521848,206, TÜRKİYE FİNANS KATILIM BANKASI A.Ş., MASTERCARD, PLATINUM, , ,bonus,,,0,0,1
537719,206, TÜRKİYE FİNANS KATILIM BANKASI A.Ş., MASTERCARD, GOLD, , ,bonus,,,0,0,1
549294,206, TÜRKİYE FİNANS KATILIM BANKASI A.Ş., MASTERCARD, CLASSIC, , ,bonus,,,0,0,1
446212,67, YAPI ve KREDİ BANKASI A.Ş., VISA, CLASSIC, virtual, , ,,,0,0,1
450634,67, YAPI ve KREDİ BANKASI A.Ş., VISA, CLASSIC, , ,world,,,1,1,1
455359,67, YAPI ve KREDİ BANKASI A.Ş., VISA, BUSINESS, , ,world,,,1,1,1
477959,67, YAPI ve KREDİ BANKASI A.Ş., VISA, Acquiring, , , ,,,0,0,1
479794,67, YAPI ve KREDİ BANKASI A.Ş., VISA, CLASSIC, , ,world,,,1,0,1
479795,67, YAPI ve KREDİ BANKASI A.Ş., VISA, GOLD, , ,world,,,1,0,1
491205,67, YAPI ve KREDİ BANKASI A.Ş., VISA, CLASSIC, virtual, ,world,,,1,0,1
491206,67, YAPI ve KREDİ BANKASI A.Ş., VISA, PLATINUM, , ,world,,,1,0,1
492128,67, YAPI ve KREDİ BANKASI A.Ş., VISA, CLASSIC, , ,world,,,1,0,1
492130,67, YAPI ve KREDİ BANKASI A.Ş., VISA, GOLD, , ,world,,,1,1,1
492131,67, YAPI ve KREDİ BANKASI A.Ş., VISA, GOLD, , ,world,,,1,0,1
510054,67, YAPI ve KREDİ BANKASI A.Ş., MASTERCARD, CLASSIC, virtual, , ,,,0,0,1
540061,67, YAPI ve KREDİ BANKASI A.Ş., MASTERCARD, CLASSIC, , ,world,,,1,0,1
540062,67, YAPI ve KREDİ BANKASI A.Ş., MASTERCARD, CLASSIC, virtual, ,world,,,1,0,1
540063,67, YAPI ve KREDİ BANKASI A.Ş., MASTERCARD, GOLD, , ,world,,,1,0,1
540122,67, YAPI ve KREDİ BANKASI A.Ş., MASTERCARD, CLASSIC, , ,world,,,1,0,1
540129,67, YAPI ve KREDİ BANKASI A.Ş., MASTERCARD, GOLD, , ,world,,,1,0,1
542117,67, YAPI ve KREDİ BANKASI A.Ş., MASTERCARD, CLASSIC, , ,world,,,1,0,1
545103,67, YAPI ve KREDİ BANKASI A.Ş., MASTERCARD, SIGNIA, , ,world,,,1,0,1
552645,67, YAPI ve KREDİ BANKASI A.Ş., MASTERCARD, BUSINESS, , ,world,,,1,0,1
552659,67, YAPI ve KREDİ BANKASI A.Ş., MASTERCARD, BUSINESS, , ,world,,,1,0,1
554422,67, YAPI ve KREDİ BANKASI A.Ş., MASTERCARD, Acquiring, , , ,,,0,0,1
404809,67, YAPI ve KREDİ BANKASI A.Ş., VISA, CLASSIC, , ,world,,,1,0,1
474853,46,AKBANK T.A.Ş.,VISA,Debit Kart,,,,,,,,1
474854,46,AKBANK T.A.Ş.,VISA,Debit Kart,,,,,,,,1
479680,46,AKBANK T.A.Ş.,VISA,Kredi Kartı,,,,,,,,1
479681,46,AKBANK T.A.Ş.,VISA,Debit Kart,,,,,,,,1
516840,46,AKBANK T.A.Ş.,MASTER,Debit Kart,,,,,,,,1
516841,46,AKBANK T.A.Ş.,MASTER,Debit Kart,,,,,,,,1
521942,46,AKBANK T.A.Ş.,MASTER,Debit Kart,,,,,,,,1
534253,46,AKBANK T.A.Ş.,MASTER,Kredi Kartı,,,,,,,,1
535280,46,AKBANK T.A.Ş.,MASTER,Debit Kart,,,,,,,,1
535449,46,AKBANK T.A.Ş.,MASTER,Debit Kart,,,,,,,,1
550383,46,AKBANK T.A.Ş.,MASTER,Kredi Kartı,,,,,,,,1
589004,46,AKBANK T.A.Ş.,MASTER,Debit Kart,,,,,,,,1
979206,46,AKBANK T.A.Ş.,TROY,Kredi Kartı,,,,,,,,1
979207,46,AKBANK T.A.Ş.,TROY,Kredi Kartı,,,,,,,,1
979208,46,AKBANK T.A.Ş.,TROY,Debit Kart,,,,,,,,1
413252,46,AKBANK T.A.Ş.,VISA,Kredi Kartı,,,,,,,,1
425669,46,AKBANK T.A.Ş.,VISA,Kredi Kartı,,,,,,,,1
432071,46,AKBANK T.A.Ş.,VISA,Kredi Kartı,,,,,,,,1
432072,46,AKBANK T.A.Ş.,VISA,Kredi Kartı,,,,,,,,1
435508,46,AKBANK T.A.Ş.,VISA,Kredi Kartı,,,,,,,,1
435509,46,AKBANK T.A.Ş.,VISA,Kredi Kartı,,,,,,,,1
493837,46,AKBANK T.A.Ş.,VISA,Kredi Kartı,,,,,,,,1
512754,46,AKBANK T.A.Ş.,MASTER,Kredi Kartı,,,,,,,,1
520932,46,AKBANK T.A.Ş.,MASTER,Kredi Kartı,,,,,,,,1
521807,46,AKBANK T.A.Ş.,MASTER,Kredi Kartı,,,,,,,,1
524347,46,AKBANK T.A.Ş.,MASTER,Kredi Kartı,,,,,,,,1
552608,46,AKBANK T.A.Ş.,MASTER,Kredi Kartı,,,,,,,,1
552609,46,AKBANK T.A.Ş.,MASTER,Kredi Kartı,,,,,,,,1
553056,46,AKBANK T.A.Ş.,MASTER,Kredi Kartı,,,,,,,,1
557113,46,AKBANK T.A.Ş.,MASTER,Kredi Kartı,,,,,,,,1
557829,46,AKBANK T.A.Ş.,MASTER,Kredi Kartı,,,,,,,,1
516742,900,AKK TURİZM VE TİCARET A.Ş.,MASTER,Debit Kart,,,,,,,,1
521584,900,AKK TURİZM VE TİCARET A.Ş.,MASTER,Debit Kart,,,,,,,,1
539605,900,AKK TURİZM VE TİCARET A.Ş.,MASTER,Kredi Kartı,,,bonus,,,,,1
549938,900,AKK TURİZM VE TİCARET A.Ş.,MASTER,Kredi Kartı,,,bonus,,,,,1
554566,900,AKK TURİZM VE TİCARET A.Ş.,MASTER,Kredi Kartı,,,bonus,,,,,1
677047,900,AKK TURİZM VE TİCARET A.Ş.,MASTER,Debit Kart,,,,,,,,1
492192,900,AKK TURİZM VE TİCARET A.Ş.,VISA,Kredi Kartı,,,,,,,,1
512446,900,AKK TURİZM VE TİCARET A.Ş.,MASTER,Kredi Kartı,,,,,,,,1
453144,143,AKTİF YATIRIM BANKASI,VISA,Kredi Kartı,,,,,,,,1
453145,143,AKTİF YATIRIM BANKASI,VISA,Kredi Kartı,,,,,,,,1
453146,143,AKTİF YATIRIM BANKASI,VISA,Kredi Kartı,,,,,,,,1
453147,143,AKTİF YATIRIM BANKASI,VISA,Debit Kart,,,,,,,,1
453148,143,AKTİF YATIRIM BANKASI,VISA,Debit Kart,,,,,,,,1
453149,143,AKTİF YATIRIM BANKASI,VISA,Debit Kart,,,,,,,,1
504166,143,AKTİF YATIRIM BANKASI,MASTER,Debit Kart,,,,,,,,1
515456,143,AKTİF YATIRIM BANKASI,MASTER,Kredi Kartı,,,,,,,,1
517343,143,AKTİF YATIRIM BANKASI,MASTER,Debit Kart,,,,,,,,1
528246,143,AKTİF YATIRIM BANKASI,MASTER,Debit Kart,,,,,,,,1
532813,143,AKTİF YATIRIM BANKASI,MASTER,Kredi Kartı,,,,,,,,1
534563,143,AKTİF YATIRIM BANKASI,MASTER,Kredi Kartı,,,,,,,,1
534567,143,AKTİF YATIRIM BANKASI,MASTER,Debit Kart,,,,,,,,1
535843,143,AKTİF YATIRIM BANKASI,MASTER,Kredi Kartı,,,,,,,,1
581877,143,AKTİF YATIRIM BANKASI,MASTER,Kredi Kartı,,,,,,,,1
671121,143,AKTİF YATIRIM BANKASI,MASTER,Debit Kart,,,,,,,,1
671155,143,AKTİF YATIRIM BANKASI,MASTER,Debit Kart,,,,,,,,1
979213,143,AKTİF YATIRIM BANKASI,TROY,Debit Kart,,,,,,,,1
417716,203,ALBARAKA TURK,VISA,Debit Kart,,,,,,,,1
479671,203,ALBARAKA TURK,VISA,Kredi Kartı,,,,,,,,1
533973,203,ALBARAKA TURK,MASTER,Kredi Kartı,,,,,,,,1
627510,203,ALBARAKA TURK,VISA,Debit Kart,,,,,,,,1
677397,203,ALBARAKA TURK,MASTER,Debit Kart,,,,,,,,1
979226,203,ALBARAKA TURK,TROY,Kredi Kartı,,,,,,,,1
979227,203,ALBARAKA TURK,TROY,Debit Kart,,,,,,,,1
417715,203,ALBARAKA TURK,VISA,Kredi Kartı,,,,,,,,1
424935,203,ALBARAKA TURK,VISA,Kredi Kartı,,,,,,,,1
432284,203,ALBARAKA TURK,VISA,Kredi Kartı,,,,,,,,1
432285,203,ALBARAKA TURK,VISA,Kredi Kartı,,,,,,,,1
511583,203,ALBARAKA TURK,MASTER,Kredi Kartı,,,,,,,,1
534264,203,ALBARAKA TURK,MASTER,Kredi Kartı,,,,,,,,1
547234,203,ALBARAKA TURK,MASTER,Kredi Kartı,,,,,,,,1
548232,203,ALBARAKA TURK,MASTER,Kredi Kartı,,,,,,,,1
416394,124,ALTERNATİF BANK A.Ş.,VISA,Kredi Kartı,,,,,,,,1
466280,124,ALTERNATİF BANK A.Ş.,VISA,Kredi Kartı,,,bonus,,,,,1
466281,124,ALTERNATİF BANK A.Ş.,VISA,Kredi Kartı,,,bonus,,,,,1
466282,124,ALTERNATİF BANK A.Ş.,VISA,Kredi Kartı,,,bonus,,,,,1
466283,124,ALTERNATİF BANK A.Ş.,VISA,Kredi Kartı,,,bonus,,,,,1
466284,124,ALTERNATİF BANK A.Ş.,VISA,Debit Kart,,,,,,,,1
512618,124,ALTERNATİF BANK A.Ş.,MASTER,Kredi Kartı,,,bonus,,,,,1
516308,124,ALTERNATİF BANK A.Ş.,MASTER,Kredi Kartı,,,bonus,,,,,1
516458,124,ALTERNATİF BANK A.Ş.,MASTER,Kredi Kartı,,,bonus,,,,,1
516657,124,ALTERNATİF BANK A.Ş.,MASTER,Kredi Kartı,,,,,,,,1
522221,124,ALTERNATİF BANK A.Ş.,MASTER,Kredi Kartı,,,bonus,,,,,1
544836,124,ALTERNATİF BANK A.Ş.,MASTER,Kredi Kartı,,,bonus,,,,,1
558485,124,ALTERNATİF BANK A.Ş.,MASTER,Kredi Kartı,,,,,,,,1
627768,124,ALTERNATİF BANK A.Ş.,MASTER,Debit Kart,,,,,,,,1
670670,124,ALTERNATİF BANK A.Ş.,MASTER,Debit Kart,,,,,,,,1
979228,124,ALTERNATİF BANK A.Ş.,TROY,Kredi Kartı,,,,,,,,1
425849,135,ANADOLU BANK A.Ş.,VISA,Debit Kart,,,,,,,,1
535881,135,ANADOLU BANK A.Ş.,MASTER,Kredi Kartı,,,,,,,,1
603072,135,ANADOLU BANK A.Ş.,MASTER,Debit Kart,,,,,,,,1
676460,135,ANADOLU BANK A.Ş.,MASTER,Debit Kart,,,,,,,,1
425846,135,ANADOLU BANK A.Ş.,VISA,Kredi Kartı,,,,,,,,1
425847,135,ANADOLU BANK A.Ş.,VISA,Kredi Kartı,,,,,,,,1
425848,135,ANADOLU BANK A.Ş.,VISA,Kredi Kartı,,,,,,,,1
441341,135,ANADOLU BANK A.Ş.,VISA,Kredi Kartı,,,,,,,,1
522240,135,ANADOLU BANK A.Ş.,MASTER,Kredi Kartı,,,,,,,,1
522241,135,ANADOLU BANK A.Ş.,MASTER,Kredi Kartı,,,,,,,,1
554301,135,ANADOLU BANK A.Ş.,MASTER,Kredi Kartı,,,,,,,,1
558593,135,ANADOLU BANK A.Ş.,MASTER,Kredi Kartı,,,,,,,,1
414941,125,BURGAN BANK A.Ş.,VISA,Debit Kart,,,,,,,,1
523759,125,BURGAN BANK A.Ş.,MASTER,Kredi Kartı,,,,,,,,1
548202,125,BURGAN BANK A.Ş.,VISA,Kredi Kartı,,,bonus,,,,,1
548434,125,BURGAN BANK A.Ş.,VISA,Kredi Kartı,,,bonus,,,,,1
554034,125,BURGAN BANK A.Ş.,VISA,Kredi Kartı,,,bonus,,,,,1
558379,125,BURGAN BANK A.Ş.,MASTER,Kredi Kartı,,,bonus,,,,,1
589298,125,BURGAN BANK A.Ş.,MASTER,Debit Kart,,,,,,,,1
483013,125,BURGAN BANK A.Ş.,VISA,Kredi Kartı,,,,,,,,1
491373,125,BURGAN BANK A.Ş.,VISA,Kredi Kartı,,,,,,,,1
498516,125,BURGAN BANK A.Ş.,VISA,Kredi Kartı,,,bonus,,,,,1
498517,125,BURGAN BANK A.Ş.,VISA,Kredi Kartı,,,bonus,,,,,1
498518,125,BURGAN BANK A.Ş.,VISA,Kredi Kartı,,,bonus,,,,,1
498519,125,BURGAN BANK A.Ş.,VISA,Kredi Kartı,,,bonus,,,,,1
498520,125,BURGAN BANK A.Ş.,VISA,Kredi Kartı,,,bonus,,,,,1
498521,125,BURGAN BANK A.Ş.,VISA,Kredi Kartı,,,bonus,,,,,1
543943,125,BURGAN BANK A.Ş.,MASTER,Kredi Kartı,,,,,,,,1
545863,125,BURGAN BANK A.Ş.,MASTER,Kredi Kartı,,,,,,,,1
437897,92,CITIBANK N.A. TÜRKİYE,VISA,Kredi Kartı,,,,,,,,1
471509,92,CITIBANK N.A. TÜRKİYE,VISA,Kredi Kartı,,,,,,,,1
553493,92,CITIBANK N.A. TÜRKİYE,MASTER,Kredi Kartı,,,,,,,,1
555087,92,CITIBANK N.A. TÜRKİYE,MASTER,Kredi Kartı,,,,,,,,1
113134,134,DENİZ BANK A.Ş.,AMEX,Kredi Kartı,,,,,,,,1
404990,134,DENİZ BANK A.Ş.,VISA,Debit Kart,,,,,,,,1
460346,134,DENİZ BANK A.Ş.,VISA,Debit Kart,,,,,,,,1
462448,134,DENİZ BANK A.Ş.,VISA,Kredi Kartı,,,bonus,,,,,1
462449,134,DENİZ BANK A.Ş.,VISA,Kredi Kartı,,,bonus,,,,,1
465574,134,DENİZ BANK A.Ş.,VISA,Debit Kart,,,,,,,,1
472915,134,DENİZ BANK A.Ş.,VISA,Kredi Kartı,,,bonus,,,,,1
476662,134,DENİZ BANK A.Ş.,VISA,Debit Kart,,,,,,,,1
483747,134,DENİZ BANK A.Ş.,VISA,Debit Kart,,,,,,,,1
489457,134,DENİZ BANK A.Ş.,VISA,Kredi Kartı,,,bonus,,,,,1
508129,134,DENİZ BANK A.Ş.,MASTER,Debit Kart,,,,,,,,1
516731,134,DENİZ BANK A.Ş.,MASTER,Debit Kart,,,,,,,,1
516740,134,DENİZ BANK A.Ş.,MASTER,Debit Kart,,,bonus,,,,,1
516914,134,DENİZ BANK A.Ş.,MASTER,Debit Kart,,,,,,,,1
517047,134,DENİZ BANK A.Ş.,MASTER,Debit Kart,,,,,,,,1
522517,134,DENİZ BANK A.Ş.,MASTER,Kredi Kartı,,,,,,,,1
523515,134,DENİZ BANK A.Ş.,MASTER,Kredi Kartı,,,,,,,,1
529545,134,DENİZ BANK A.Ş.,MASTER,Debit Kart,,,,,,,,1
529876,134,DENİZ BANK A.Ş.,MASTER,Kredi Kartı,,,bonus,,,,,1
533293,134,DENİZ BANK A.Ş.,MASTER,Debit Kart,,,,,,,,1
533330,134,DENİZ BANK A.Ş.,MASTER,Kredi Kartı,,,bonus,,,,,1
552679,134,DENİZ BANK A.Ş.,MASTER,Kredi Kartı,,,,,,,,1
558443,134,DENİZ BANK A.Ş.,MASTER,Kredi Kartı,,,,,,,,1
558446,134,DENİZ BANK A.Ş.,MASTER,Kredi Kartı,,,,,,,,1
558448,134,DENİZ BANK A.Ş.,MASTER,Kredi Kartı,,,,,,,,1
558460,134,DENİZ BANK A.Ş.,MASTER,Kredi Kartı,,,,,,,,1
601912,134,DENİZ BANK A.Ş.,MASTER,Debit Kart,,,,,,,,1
670610,134,DENİZ BANK A.Ş.,MASTER,Debit Kart,,,,,,,,1
979220,134,DENİZ BANK A.Ş.,TROY,Kredi Kartı,,,,,,,,1
403134,134,DENİZ BANK A.Ş.,VISA,Kredi Kartı,,,,,,,,1
408625,134,DENİZ BANK A.Ş.,VISA,Kredi Kartı,,,,,,,,1
409070,134,DENİZ BANK A.Ş.,VISA,Kredi Kartı,,,bonus,,,,,1
411924,134,DENİZ BANK A.Ş.,VISA,Kredi Kartı,,,,,,,,1
423667,134,DENİZ BANK A.Ş.,VISA,Kredi Kartı,,,,,,,,1
424360,134,DENİZ BANK A.Ş.,VISA,Kredi Kartı,,,bonus,,,,,1
424361,134,DENİZ BANK A.Ş.,VISA,Kredi Kartı,,,bonus,,,,,1
441139,134,DENİZ BANK A.Ş.,VISA,Kredi Kartı,,,,,,,,1
460345,134,DENİZ BANK A.Ş.,VISA,Kredi Kartı,,,,,,,,1
460347,134,DENİZ BANK A.Ş.,VISA,Kredi Kartı,,,,,,,,1
462276,134,DENİZ BANK A.Ş.,VISA,Kredi Kartı,,,,,,,,1
472914,134,DENİZ BANK A.Ş.,VISA,Kredi Kartı,,,bonus,,,,,1
489456,134,DENİZ BANK A.Ş.,VISA,Kredi Kartı,,,bonus,,,,,1
510063,134,DENİZ BANK A.Ş.,MASTER,Kredi Kartı,,,,,,,,1
510118,134,DENİZ BANK A.Ş.,MASTER,Kredi Kartı,,,bonus,,,,,1
510119,134,DENİZ BANK A.Ş.,MASTER,Kredi Kartı,,,,,,,,1
512017,134,DENİZ BANK A.Ş.,MASTER,Kredi Kartı,,,bonus,,,,,1
512117,134,DENİZ BANK A.Ş.,MASTER,Kredi Kartı,,,bonus,,,,,1
514924,134,DENİZ BANK A.Ş.,MASTER,Kredi Kartı,,,bonus,,,,,1
515865,134,DENİZ BANK A.Ş.,MASTER,Kredi Kartı,,,,,,,,1
520019,134,DENİZ BANK A.Ş.,MASTER,Kredi Kartı,,,bonus,,,,,1
520303,134,DENİZ BANK A.Ş.,MASTER,Kredi Kartı,,,bonus,,,,,1
520909,134,DENİZ BANK A.Ş.,MASTER,Kredi Kartı,,,,,,,,1
543358,134,DENİZ BANK A.Ş.,MASTER,Kredi Kartı,,,,,,,,1
543400,134,DENİZ BANK A.Ş.,MASTER,Kredi Kartı,,,bonus,,,,,1
543427,134,DENİZ BANK A.Ş.,MASTER,Kredi Kartı,,,bonus,,,,,1
546764,134,DENİZ BANK A.Ş.,MASTER,Kredi Kartı,,,,,,,,1
554483,134,DENİZ BANK A.Ş.,MASTER,Kredi Kartı,,,bonus,,,,,1
558514,134,DENİZ BANK A.Ş.,MASTER,Kredi Kartı,,,,,,,,1
489458,134,DENİZ BANK A.Ş.,VISA,Kredi Kartı,,,bonus,,,,,1
468973,103,FIBABANKA,VISA,Kredi Kartı,,,,,,,,1
517601,103,FIBABANKA,MASTER,Kredi Kartı,,,,,,,,1
522075,103,FIBABANKA,MASTER,Kredi Kartı,,,bonus,,,,,1
522566,103,FIBABANKA,MASTER,Kredi Kartı,,,bonus,,,,,1
522576,103,FIBABANKA,MASTER,Kredi Kartı,,,,,,,,1
527765,103,FIBABANKA,MASTER,Kredi Kartı,,,bonus,,,,,1
559056,103,FIBABANKA,MASTER,Kredi Kartı,,,bonus,,,,,1
603343,103,FIBABANKA,MASTER,Debit Kart,,,,,,,,1
979225,103,FIBABANKA,TROY,Kredi Kartı,,,,,,,,1
406386,111,FİNANSBANK A.Ş.,VISA,Debit Kart,,,,,,,,1
415956,111,FİNANSBANK A.Ş.,VISA,Debit Kart,,,,,,,,1
420092,111,FİNANSBANK A.Ş.,VISA,Debit Kart,,,,,,,,1
431379,111,FİNANSBANK A.Ş.,VISA,Debit Kart,,,,,,,,1
442395,111,FİNANSBANK A.Ş.,VISA,Kredi Kartı,,,,,,,,1
459333,111,FİNANSBANK A.Ş.,VISA,Debit Kart,,,,,,,,1
479679,111,FİNANSBANK A.Ş.,VISA,Debit Kart,,,,,,,,1
498749,111,FİNANSBANK A.Ş.,VISA,Debit Kart,,,,,,,,1
499853,111,FİNANSBANK A.Ş.,VISA,Debit Kart,,,,,,,,1
516835,111,FİNANSBANK A.Ş.,MASTER,Debit Kart,,,,,,,,1
530818,111,FİNANSBANK A.Ş.,MASTER,Kredi Kartı,,,,,,,,1
542404,111,FİNANSBANK A.Ş.,MASTER,Kredi Kartı,,,,,,,,1
601050,111,FİNANSBANK A.Ş.,MASTER,Debit Kart,,,,,,,,1
677238,111,FİNANSBANK A.Ş.,MASTER,Debit Kart,,,,,,,,1
979202,111,FİNANSBANK A.Ş.,TROY,Debit Kart,,,,,,,,1
979203,111,FİNANSBANK A.Ş.,TROY,Kredi Kartı,,,,,,,,1
402277,111,FİNANSBANK A.Ş.,VISA,Kredi Kartı,,,,,,,,1
402278,111,FİNANSBANK A.Ş.,VISA,Kredi Kartı,,,,,,,,1
402563,111,FİNANSBANK A.Ş.,VISA,Kredi Kartı,,,,,,,,1
403082,111,FİNANSBANK A.Ş.,VISA,Kredi Kartı,,,,,,,,1
409364,111,FİNANSBANK A.Ş.,VISA,Kredi Kartı,,,,,,,,1
410147,111,FİNANSBANK A.Ş.,VISA,Kredi Kartı,,,,,,,,1
413583,111,FİNANSBANK A.Ş.,VISA,Kredi Kartı,,,,,,,,1
414388,111,FİNANSBANK A.Ş.,VISA,Kredi Kartı,,,,,,,,1
415565,111,FİNANSBANK A.Ş.,VISA,Kredi Kartı,,,,,,,,1
422376,111,FİNANSBANK A.Ş.,VISA,Kredi Kartı,,,,,,,,1
423277,111,FİNANSBANK A.Ş.,VISA,Kredi Kartı,,,,,,,,1
423398,111,FİNANSBANK A.Ş.,VISA,Kredi Kartı,,,,,,,,1
427311,111,FİNANSBANK A.Ş.,VISA,Kredi Kartı,,,,,,,,1
435653,111,FİNANSBANK A.Ş.,VISA,Kredi Kartı,,,,,,,,1
441007,111,FİNANSBANK A.Ş.,VISA,Kredi Kartı,,,,,,,,1
444029,111,FİNANSBANK A.Ş.,VISA,Kredi Kartı,,,,,,,,1
499850,111,FİNANSBANK A.Ş.,VISA,Kredi Kartı,,,,,,,,1
499851,111,FİNANSBANK A.Ş.,VISA,Kredi Kartı,,,,,,,,1
499852,111,FİNANSBANK A.Ş.,VISA,Kredi Kartı,,,,,,,,1
519324,111,FİNANSBANK A.Ş.,MASTER,Kredi Kartı,,,,,,,,1
521022,111,FİNANSBANK A.Ş.,MASTER,Kredi Kartı,,,,,,,,1
521836,111,FİNANSBANK A.Ş.,MASTER,Kredi Kartı,,,,,,,,1
529572,111,FİNANSBANK A.Ş.,MASTER,Kredi Kartı,,,,,,,,1
531157,111,FİNANSBANK A.Ş.,MASTER,Kredi Kartı,,,,,,,,1
545120,111,FİNANSBANK A.Ş.,MASTER,Kredi Kartı,,,,,,,,1
545616,111,FİNANSBANK A.Ş.,MASTER,Kredi Kartı,,,,,,,,1
545847,111,FİNANSBANK A.Ş.,MASTER,Kredi Kartı,,,,,,,,1
547567,111,FİNANSBANK A.Ş.,MASTER,Kredi Kartı,,,,,,,,1
547800,111,FİNANSBANK A.Ş.,MASTER,Kredi Kartı,,,,,,,,1
405903,123,HSBC BANK A.Ş.,VISA,Debit Kart,,,,,,,,1
405919,123,HSBC BANK A.Ş.,VISA,Debit Kart,,,,,,,,1
408969,123,HSBC BANK A.Ş.,VISA,Kredi Kartı,,,,,,,,1
676401,123,HSBC BANK A.Ş.,MASTER,Debit Kart,,,,,,,,1
677193,123,HSBC BANK A.Ş.,MASTER,Debit Kart,,,,,,,,1
979214,123,HSBC BANK A.Ş.,TROY,Kredi Kartı,,,,,,,,1
405913,123,HSBC BANK A.Ş.,VISA,Kredi Kartı,,,,,,,,1
405917,123,HSBC BANK A.Ş.,VISA,Kredi Kartı,,,,,,,,1
405918,123,HSBC BANK A.Ş.,VISA,Kredi Kartı,,,,,,,,1
409071,123,HSBC BANK A.Ş.,VISA,Kredi Kartı,,,,,,,,1
422629,123,HSBC BANK A.Ş.,VISA,Kredi Kartı,,,,,,,,1
424909,123,HSBC BANK A.Ş.,VISA,Kredi Kartı,,,,,,,,1
428240,123,HSBC BANK A.Ş.,VISA,Kredi Kartı,,,,,,,,1
496019,123,HSBC BANK A.Ş.,VISA,Kredi Kartı,,,,,,,,1
510005,123,HSBC BANK A.Ş.,MASTER,Kredi Kartı,,,,,,,,1
512651,123,HSBC BANK A.Ş.,MASTER,Kredi Kartı,,,,,,,,1
519399,123,HSBC BANK A.Ş.,MASTER,Kredi Kartı,,,,,,,,1
525413,123,HSBC BANK A.Ş.,MASTER,Kredi Kartı,,,,,,,,1
525795,123,HSBC BANK A.Ş.,MASTER,Kredi Kartı,,,,,,,,1
540643,123,HSBC BANK A.Ş.,MASTER,Kredi Kartı,,,,,,,,1
542254,123,HSBC BANK A.Ş.,MASTER,Kredi Kartı,,,,,,,,1
545183,123,HSBC BANK A.Ş.,MASTER,Kredi Kartı,,,,,,,,1
550472,123,HSBC BANK A.Ş.,MASTER,Kredi Kartı,,,,,,,,1
550473,123,HSBC BANK A.Ş.,MASTER,Kredi Kartı,,,,,,,,1
552143,123,HSBC BANK A.Ş.,MASTER,Kredi Kartı,,,,,,,,1
556030,123,HSBC BANK A.Ş.,MASTER,Kredi Kartı,,,,,,,,1
556031,123,HSBC BANK A.Ş.,MASTER,Kredi Kartı,,,,,,,,1
556033,123,HSBC BANK A.Ş.,MASTER,Kredi Kartı,,,,,,,,1
556034,123,HSBC BANK A.Ş.,MASTER,Kredi Kartı,,,,,,,,1
556665,123,HSBC BANK A.Ş.,MASTER,Kredi Kartı,,,,,,,,1
408581,99,ING BANK A.Ş.,VISA,Debit Kart,,,,,,,,1
474823,99,ING BANK A.Ş.,VISA,Debit Kart,,,,,,,,1
479632,99,ING BANK A.Ş.,VISA,Debit Kart,,,,,,,,1
479633,99,ING BANK A.Ş.,VISA,Debit Kart,,,,,,,,1
490808,99,ING BANK A.Ş.,VISA,Debit Kart,,,,,,,,1
514140,99,ING BANK A.Ş.,MASTER,Kredi Kartı,,,,,,,,1
515755,99,ING BANK A.Ş.,MASTER,Debit Kart,,,,,,,,1
515895,99,ING BANK A.Ş.,MASTER,Debit Kart,,,,,,,,1
517946,99,ING BANK A.Ş.,MASTER,Kredi Kartı,,,bonus,,,,,1
526973,99,ING BANK A.Ş.,MASTER,Kredi Kartı,,,bonus,,,,,1
526975,99,ING BANK A.Ş.,MASTER,Kredi Kartı,,,bonus,,,,,1
535137,99,ING BANK A.Ş.,MASTER,Debit Kart,,,,,,,,1
550074,99,ING BANK A.Ş.,MASTER,Kredi Kartı,,,bonus,,,,,1
603322,99,ING BANK A.Ş.,MASTER,Debit Kart,,,,,,,,1
676366,99,ING BANK A.Ş.,MASTER,Debit Kart,,,,,,,,1
676402,99,ING BANK A.Ş.,MASTER,Debit Kart,,,,,,,,1
979224,99,ING BANK A.Ş.,TROY,Kredi Kartı,,,,,,,,1
400684,99,ING BANK A.Ş.,VISA,Kredi Kartı,,,bonus,,,,,1
408579,99,ING BANK A.Ş.,VISA,Kredi Kartı,,,bonus,,,,,1
414070,99,ING BANK A.Ş.,VISA,Kredi Kartı,,,,,,,,1
420322,99,ING BANK A.Ş.,VISA,Kredi Kartı,,,bonus,,,,,1
420323,99,ING BANK A.Ş.,VISA,Kredi Kartı,,,bonus,,,,,1
420324,99,ING BANK A.Ş.,VISA,Kredi Kartı,,,bonus,,,,,1
455571,99,ING BANK A.Ş.,VISA,Kredi Kartı,,,,,,,,1
480296,99,ING BANK A.Ş.,VISA,Kredi Kartı,,,bonus,,,,,1
490805,99,ING BANK A.Ş.,VISA,Kredi Kartı,,,,,,,,1
490806,99,ING BANK A.Ş.,VISA,Kredi Kartı,,,,,,,,1
490807,99,ING BANK A.Ş.,VISA,Kredi Kartı,,,,,,,,1
510151,99,ING BANK A.Ş.,MASTER,Kredi Kartı,,,bonus,,,,,1
532443,99,ING BANK A.Ş.,MASTER,Kredi Kartı,,,bonus,,,,,1
540024,99,ING BANK A.Ş.,MASTER,Kredi Kartı,,,,,,,,1
540025,99,ING BANK A.Ş.,MASTER,Kredi Kartı,,,,,,,,1
542029,99,ING BANK A.Ş.,MASTER,Kredi Kartı,,,,,,,,1
542605,99,ING BANK A.Ş.,MASTER,Kredi Kartı,,,,,,,,1
542965,99,ING BANK A.Ş.,MASTER,Kredi Kartı,,,bonus,,,,,1
542967,99,ING BANK A.Ş.,MASTER,Kredi Kartı,,,bonus,,,,,1
547765,99,ING BANK A.Ş.,MASTER,Kredi Kartı,,,bonus,,,,,1
548819,99,ING BANK A.Ş.,MASTER,Kredi Kartı,,,,,,,,1
554297,99,ING BANK A.Ş.,MASTER,Kredi Kartı,,,,,,,,1
554570,99,ING BANK A.Ş.,MASTER,Kredi Kartı,,,bonus,,,,,1
402591,205,KUVEYT TÜRK EVKAF FİNANS KURUMU,VISA,Debit Kart,,,,,,,,1
483673,205,KUVEYT TÜRK EVKAF FİNANS KURUMU,VISA,Kredi Kartı,,,,,,,,1
483674,205,KUVEYT TÜRK EVKAF FİNANS KURUMU,VISA,Debit Kart,,,,,,,,1
483714,205,KUVEYT TÜRK EVKAF FİNANS KURUMU,VISA,Debit Kart,,,,,,,,1
527083,205,KUVEYT TÜRK EVKAF FİNANS KURUMU,MASTER,Kredi Kartı,,,,,,,,1
677055,205,KUVEYT TÜRK EVKAF FİNANS KURUMU,MASTER,Debit Kart,,,,,,,,1
979216,205,KUVEYT TÜRK EVKAF FİNANS KURUMU,TROY,Debit Kart,,,,,,,,1
402589,205,KUVEYT TÜRK EVKAF FİNANS KURUMU,VISA,Kredi Kartı,,,,,,,,1
402590,205,KUVEYT TÜRK EVKAF FİNANS KURUMU,VISA,Kredi Kartı,,,,,,,,1
402592,205,KUVEYT TÜRK EVKAF FİNANS KURUMU,VISA,Kredi Kartı,,,,,,,,1
403360,205,KUVEYT TÜRK EVKAF FİNANS KURUMU,VISA,Kredi Kartı,,,,,,,,1
403810,205,KUVEYT TÜRK EVKAF FİNANS KURUMU,VISA,Kredi Kartı,,,,,,,,1
410555,205,KUVEYT TÜRK EVKAF FİNANS KURUMU,VISA,Kredi Kartı,,,,,,,,1
410556,205,KUVEYT TÜRK EVKAF FİNANS KURUMU,VISA,Kredi Kartı,,,,,,,,1
424487,205,KUVEYT TÜRK EVKAF FİNANS KURUMU,VISA,Kredi Kartı,,,,,,,,1
431024,205,KUVEYT TÜRK EVKAF FİNANS KURUMU,VISA,Kredi Kartı,,,,,,,,1
511660,205,KUVEYT TÜRK EVKAF FİNANS KURUMU,MASTER,Kredi Kartı,,,,,,,,1
512595,205,KUVEYT TÜRK EVKAF FİNANS KURUMU,MASTER,Kredi Kartı,,,,,,,,1
518896,205,KUVEYT TÜRK EVKAF FİNANS KURUMU,MASTER,Kredi Kartı,,,,,,,,1
520180,205,KUVEYT TÜRK EVKAF FİNANS KURUMU,MASTER,Kredi Kartı,,,,,,,,1
525312,205,KUVEYT TÜRK EVKAF FİNANS KURUMU,MASTER,Kredi Kartı,,,,,,,,1
547564,205,KUVEYT TÜRK EVKAF FİNANS KURUMU,MASTER,Kredi Kartı,,,,,,,,1
468791,146,ODEA BANK A.Ş.,VISA,Kredi Kartı,,,,,,,,1
468793,146,ODEA BANK A.Ş.,VISA,Kredi Kartı,,,,,,,,1
468794,146,ODEA BANK A.Ş.,VISA,Kredi Kartı,,,,,,,,1
468795,146,ODEA BANK A.Ş.,VISA,Kredi Kartı,,,,,,,,1
468796,146,ODEA BANK A.Ş.,VISA,Debit Kart,,,,,,,,1
468797,146,ODEA BANK A.Ş.,VISA,Debit Kart,,,,,,,,1
469180,146,ODEA BANK A.Ş.,VISA,Kredi Kartı,,,,,,,,1
469181,146,ODEA BANK A.Ş.,VISA,Kredi Kartı,,,,,,,,1
469183,146,ODEA BANK A.Ş.,VISA,Kredi Kartı,,,,,,,,1
516944,146,ODEA BANK A.Ş.,MASTER,Debit Kart,,,,,,,,1
519007,146,ODEA BANK A.Ş.,MASTER,Kredi Kartı,,,,,,,,1
519261,146,ODEA BANK A.Ş.,MASTER,Kredi Kartı,,,,,,,,1
522347,146,ODEA BANK A.Ş.,MASTER,Kredi Kartı,,,,,,,,1
522356,146,ODEA BANK A.Ş.,MASTER,Kredi Kartı,,,,,,,,1
522362,146,ODEA BANK A.Ş.,MASTER,Kredi Kartı,,,,,,,,1
523416,146,ODEA BANK A.Ş.,MASTER,Kredi Kartı,,,,,,,,1
524677,146,ODEA BANK A.Ş.,MASTER,Kredi Kartı,,,,,,,,1
526952,146,ODEA BANK A.Ş.,MASTER,Kredi Kartı,,,,,,,,1
527369,146,ODEA BANK A.Ş.,MASTER,Kredi Kartı,,,,,,,,1
527383,146,ODEA BANK A.Ş.,MASTER,Kredi Kartı,,,,,,,,1
527396,146,ODEA BANK A.Ş.,MASTER,Kredi Kartı,,,,,,,,1
535446,146,ODEA BANK A.Ş.,MASTER,Debit Kart,,,,,,,,1
536255,146,ODEA BANK A.Ş.,MASTER,Kredi Kartı,,,,,,,,1
670868,146,ODEA BANK A.Ş.,MASTER,Debit Kart,,,,,,,,1
979219,146,ODEA BANK A.Ş.,TROY,Kredi Kartı,,,,,,,,1
421086,59,ŞEKERBANK T.A.Ş.,VISA,Debit Kart,,,,,,,,1
423833,59,ŞEKERBANK T.A.Ş.,VISA,Debit Kart,,,,,,,,1
459068,59,ŞEKERBANK T.A.Ş.,VISA,Debit Kart,,,,,,,,1
459268,59,ŞEKERBANK T.A.Ş.,VISA,Kredi Kartı,,,bonus,,,,,1
489401,59,ŞEKERBANK T.A.Ş.,VISA,Debit Kart,,,,,,,,1
510010,59,ŞEKERBANK T.A.Ş.,MASTER,Kredi Kartı,,,bonus,,,,,1
516846,59,ŞEKERBANK T.A.Ş.,MASTER,Debit Kart,,,,,,,,1
519753,59,ŞEKERBANK T.A.Ş.,MASTER,Kredi Kartı,,,,,,,,1
527657,59,ŞEKERBANK T.A.Ş.,MASTER,Debit Kart,,,,,,,,1
589713,59,ŞEKERBANK T.A.Ş.,MASTER,Debit Kart,,,,,,,,1
676832,59,ŞEKERBANK T.A.Ş.,MASTER,Debit Kart,,,,,,,,1
979211,59,ŞEKERBANK T.A.Ş.,TROY,Kredi Kartı,,,,,,,,1
403836,59,ŞEKERBANK T.A.Ş.,VISA,Kredi Kartı,,,,,,,,1
409622,59,ŞEKERBANK T.A.Ş.,VISA,Kredi Kartı,,,,,,,,1
411156,59,ŞEKERBANK T.A.Ş.,VISA,Kredi Kartı,,,bonus,,,,,1
411157,59,ŞEKERBANK T.A.Ş.,VISA,Kredi Kartı,,,bonus,,,,,1
411158,59,ŞEKERBANK T.A.Ş.,VISA,Kredi Kartı,,,bonus,,,,,1
411159,59,ŞEKERBANK T.A.Ş.,VISA,Kredi Kartı,,,bonus,,,,,1
411160,59,ŞEKERBANK T.A.Ş.,VISA,Kredi Kartı,,,,,,,,1
433383,59,ŞEKERBANK T.A.Ş.,VISA,Kredi Kartı,,,bonus,,,,,1
433384,59,ŞEKERBANK T.A.Ş.,VISA,Kredi Kartı,,,,,,,,1
494063,59,ŞEKERBANK T.A.Ş.,VISA,Kredi Kartı,,,,,,,,1
494064,59,ŞEKERBANK T.A.Ş.,VISA,Kredi Kartı,,,,,,,,1
521394,59,ŞEKERBANK T.A.Ş.,MASTER,Kredi Kartı,,,bonus,,,,,1
521827,59,ŞEKERBANK T.A.Ş.,MASTER,Kredi Kartı,,,,,,,,1
525404,59,ŞEKERBANK T.A.Ş.,MASTER,Kredi Kartı,,,,,,,,1
530866,59,ŞEKERBANK T.A.Ş.,MASTER,Kredi Kartı,,,bonus,,,,,1
539703,59,ŞEKERBANK T.A.Ş.,MASTER,Kredi Kartı,,,,,,,,1
547311,59,ŞEKERBANK T.A.Ş.,MASTER,Kredi Kartı,,,bonus,,,,,1
549208,59,ŞEKERBANK T.A.Ş.,MASTER,Kredi Kartı,,,bonus,,,,,1
549394,59,ŞEKERBANK T.A.Ş.,MASTER,Kredi Kartı,,,,,,,,1
374421,62,T. GARANTİ BANKASI A.Ş.,AMEX,Kredi Kartı,,,bonus,,,,,1
374422,62,T. GARANTİ BANKASI A.Ş.,AMEX,Kredi Kartı,,,Mil,,,,,1
374425,62,T. GARANTİ BANKASI A.Ş.,AMEX,Kredi Kartı,,,MR,,,,,1
374426,62,T. GARANTİ BANKASI A.Ş.,AMEX,Kredi Kartı,,,MR,,,,,1
374427,62,T. GARANTİ BANKASI A.Ş.,AMEX,Kredi Kartı,,,bonus,,,,,1
375622,62,T. GARANTİ BANKASI A.Ş.,AMEX,Kredi Kartı,,,MR,,,,,1
375623,62,T. GARANTİ BANKASI A.Ş.,AMEX,Kredi Kartı,,,MR,,,,,1
375624,62,T. GARANTİ BANKASI A.Ş.,AMEX,Kredi Kartı,,,MR,,,,,1
375625,62,T. GARANTİ BANKASI A.Ş.,AMEX,Kredi Kartı,,,MR,,,,,1
375626,62,T. GARANTİ BANKASI A.Ş.,AMEX,Kredi Kartı,,,MR,,,,,1
375627,62,T. GARANTİ BANKASI A.Ş.,AMEX,Kredi Kartı,,,bonus,,,,,1
375628,62,T. GARANTİ BANKASI A.Ş.,AMEX,Kredi Kartı,,,Mil,,,,,1
375629,62,T. GARANTİ BANKASI A.Ş.,AMEX,Kredi Kartı,,,Mil,,,,,1
375631,62,T. GARANTİ BANKASI A.Ş.,AMEX,Kredi Kartı,,,MR,,,,,1
377137,62,T. GARANTİ BANKASI A.Ş.,AMEX,Kredi Kartı,,,Mil,,,,,1
379369,62,T. GARANTİ BANKASI A.Ş.,AMEX,Kredi Kartı,,,bonus,,,,,1
379370,62,T. GARANTİ BANKASI A.Ş.,AMEX,Kredi Kartı,,,Mil,,,,,1
379371,62,T. GARANTİ BANKASI A.Ş.,AMEX,Kredi Kartı,,,MR,,,,,1
401738,62,T. GARANTİ BANKASI A.Ş.,VISA,Debit Kart,,,bonus,,,,,1
405051,62,T. GARANTİ BANKASI A.Ş.,VISA,Debit Kart,,,bonus,,,,,1
405090,62,T. GARANTİ BANKASI A.Ş.,VISA,Debit Kart,,,bonus,,,,,1
409219,62,T. GARANTİ BANKASI A.Ş.,VISA,Debit Kart,,,,,,,,1
410141,62,T. GARANTİ BANKASI A.Ş.,VISA,Debit Kart,,,bonus,,,,,1
420556,62,T. GARANTİ BANKASI A.Ş.,VISA,Debit Kart,,,bonus,,,,,1
420557,62,T. GARANTİ BANKASI A.Ş.,VISA,Debit Kart,,,bonus,,,,,1
426889,62,T. GARANTİ BANKASI A.Ş.,VISA,Debit Kart,,,bonus,,,,,1
479660,62,T. GARANTİ BANKASI A.Ş.,VISA,Kredi Kartı,,,bonus,,,,,1
479661,62,T. GARANTİ BANKASI A.Ş.,VISA,Kredi Kartı,,,bonus,,,,,1
479662,62,T. GARANTİ BANKASI A.Ş.,VISA,Debit Kart,,,bonus,,,,,1
479682,62,T. GARANTİ BANKASI A.Ş.,VISA,Debit Kart,,,bonus,,,,,1
489455,62,T. GARANTİ BANKASI A.Ş.,VISA,Debit Kart,,,bonus,,,,,1
516943,62,T. GARANTİ BANKASI A.Ş.,MASTER,Debit Kart,,,bonus,,,,,1
516961,62,T. GARANTİ BANKASI A.Ş.,MASTER,Debit Kart,,,bonus,,,,,1
517040,62,T. GARANTİ BANKASI A.Ş.,MASTER,Debit Kart,,,bonus,,,,,1
517041,62,T. GARANTİ BANKASI A.Ş.,MASTER,Debit Kart,,,bonus,,,,,1
517042,62,T. GARANTİ BANKASI A.Ş.,MASTER,Debit Kart,,,bonus,,,,,1
517048,62,T. GARANTİ BANKASI A.Ş.,MASTER,Debit Kart,,,bonus,,,,,1
517049,62,T. GARANTİ BANKASI A.Ş.,MASTER,Debit Kart,,,bonus,,,,,1
524659,62,T. GARANTİ BANKASI A.Ş.,MASTER,Kredi Kartı,,,bonus,,,,,1
526955,62,T. GARANTİ BANKASI A.Ş.,MASTER,Kredi Kartı,,,bonus,,,,,1
535429,62,T. GARANTİ BANKASI A.Ş.,MASTER,Debit Kart,,,bonus,,,,,1
535488,62,T. GARANTİ BANKASI A.Ş.,MASTER,Debit Kart,,,bonus,,,,,1
540118,62,T. GARANTİ BANKASI A.Ş.,MASTER,Kredi Kartı,,,bonus,,,,,1
543738,62,T. GARANTİ BANKASI A.Ş.,MASTER,Kredi Kartı,,,bonus,,,,,1
544294,62,T. GARANTİ BANKASI A.Ş.,MASTER,Kredi Kartı,,,,,,,,1
548935,62,T. GARANTİ BANKASI A.Ş.,MASTER,Kredi Kartı,,,bonus,,,,,1
554253,62,T. GARANTİ BANKASI A.Ş.,MASTER,Kredi Kartı,,,bonus,,,,,1
554254,62,T. GARANTİ BANKASI A.Ş.,MASTER,Kredi Kartı,,,Mil,,,,,1
589318,62,T. GARANTİ BANKASI A.Ş.,MASTER,Debit Kart,,,bonus,,,,,1
622403,62,T. GARANTİ BANKASI A.Ş.,CUP,Kredi Kartı,,,bonus,,,,,1
670606,62,T. GARANTİ BANKASI A.Ş.,MASTER,Debit Kart,,,bonus,,,,,1
676255,62,T. GARANTİ BANKASI A.Ş.,MASTER,Debit Kart,,,bonus,,,,,1
676283,62,T. GARANTİ BANKASI A.Ş.,MASTER,Debit Kart,,,bonus,,,,,1
676651,62,T. GARANTİ BANKASI A.Ş.,MASTER,Debit Kart,,,bonus,,,,,1
676827,62,T. GARANTİ BANKASI A.Ş.,MASTER,Debit Kart,,,bonus,,,,,1
979205,62,T. GARANTİ BANKASI A.Ş.,TROY,Kredi Kartı,,,,,,,,1
979236,62,T. GARANTİ BANKASI A.Ş.,TROY,Debit Kart,,,bonus,,,,,1
374424,62,T. GARANTİ BANKASI A.Ş.,AMEX,Kredi Kartı,,,Mil,,,,,1
403280,62,T. GARANTİ BANKASI A.Ş.,VISA,Kredi Kartı,,,,,,,,1
403666,62,T. GARANTİ BANKASI A.Ş.,VISA,Kredi Kartı,,,bonus,,,,,1
404308,62,T. GARANTİ BANKASI A.Ş.,VISA,Kredi Kartı,,,bonus,,,,,1
413836,62,T. GARANTİ BANKASI A.Ş.,VISA,Kredi Kartı,,,Mil,,,,,1
426886,62,T. GARANTİ BANKASI A.Ş.,VISA,Kredi Kartı,,,bonus,,,,,1
426887,62,T. GARANTİ BANKASI A.Ş.,VISA,Kredi Kartı,,,bonus,,,,,1
426888,62,T. GARANTİ BANKASI A.Ş.,VISA,Kredi Kartı,,,bonus,,,,,1
427314,62,T. GARANTİ BANKASI A.Ş.,VISA,Kredi Kartı,,,bonus,,,,,1
427315,62,T. GARANTİ BANKASI A.Ş.,VISA,Kredi Kartı,,,bonus,,,,,1
428220,62,T. GARANTİ BANKASI A.Ş.,VISA,Kredi Kartı,,,bonus,,,,,1
428221,62,T. GARANTİ BANKASI A.Ş.,VISA,Kredi Kartı,,,bonus,,,,,1
432154,62,T. GARANTİ BANKASI A.Ş.,VISA,Kredi Kartı,,,,,,,,1
448472,62,T. GARANTİ BANKASI A.Ş.,VISA,Kredi Kartı,,,bonus,,,,,1
461668,62,T. GARANTİ BANKASI A.Ş.,VISA,Kredi Kartı,,,Mil,,,,,1
462274,62,T. GARANTİ BANKASI A.Ş.,VISA,Kredi Kartı,,,bonus,,,,,1
467293,62,T. GARANTİ BANKASI A.Ş.,VISA,Kredi Kartı,,,Mil,,,,,1
467294,62,T. GARANTİ BANKASI A.Ş.,VISA,Kredi Kartı,,,Mil,,,,,1
467295,62,T. GARANTİ BANKASI A.Ş.,VISA,Kredi Kartı,,,Mil,,,,,1
474151,62,T. GARANTİ BANKASI A.Ş.,VISA,Kredi Kartı,,,Mil,,,,,1
482489,62,T. GARANTİ BANKASI A.Ş.,VISA,Kredi Kartı,,,bonus,,,,,1
482490,62,T. GARANTİ BANKASI A.Ş.,VISA,Kredi Kartı,,,bonus,,,,,1
482491,62,T. GARANTİ BANKASI A.Ş.,VISA,Kredi Kartı,,,bonus,,,,,1
487074,62,T. GARANTİ BANKASI A.Ş.,VISA,Kredi Kartı,,,bonus,,,,,1
487075,62,T. GARANTİ BANKASI A.Ş.,VISA,Kredi Kartı,,,bonus,,,,,1
489478,62,T. GARANTİ BANKASI A.Ş.,VISA,Kredi Kartı,,,bonus,,,,,1
490175,62,T. GARANTİ BANKASI A.Ş.,VISA,Kredi Kartı,,,,,,,,1
492186,62,T. GARANTİ BANKASI A.Ş.,VISA,Kredi Kartı,,,,,,,,1
492187,62,T. GARANTİ BANKASI A.Ş.,VISA,Kredi Kartı,,,,,,,,1
492193,62,T. GARANTİ BANKASI A.Ş.,VISA,Kredi Kartı,,,,,,,,1
493845,62,T. GARANTİ BANKASI A.Ş.,VISA,Kredi Kartı,,,,,,,,1
514915,62,T. GARANTİ BANKASI A.Ş.,MASTER,Kredi Kartı,,,Mil,,,,,1
520097,62,T. GARANTİ BANKASI A.Ş.,MASTER,Kredi Kartı,,,bonus,,,,,1
520922,62,T. GARANTİ BANKASI A.Ş.,MASTER,Kredi Kartı,,,bonus,,,,,1
520940,62,T. GARANTİ BANKASI A.Ş.,MASTER,Kredi Kartı,,,bonus,,,,,1
520988,62,T. GARANTİ BANKASI A.Ş.,MASTER,Kredi Kartı,,,Mil,,,,,1
521824,62,T. GARANTİ BANKASI A.Ş.,MASTER,Kredi Kartı,,,Mil,,,,,1
521825,62,T. GARANTİ BANKASI A.Ş.,MASTER,Kredi Kartı,,,Mil,,,,,1
522204,62,T. GARANTİ BANKASI A.Ş.,MASTER,Kredi Kartı,,,bonus,,,,,1
528939,62,T. GARANTİ BANKASI A.Ş.,MASTER,Kredi Kartı,,,Mil,,,,,1
528956,62,T. GARANTİ BANKASI A.Ş.,MASTER,Kredi Kartı,,,bonus,,,,,1
533169,62,T. GARANTİ BANKASI A.Ş.,MASTER,Kredi Kartı,,,Mil,,,,,1
534261,62,T. GARANTİ BANKASI A.Ş.,MASTER,Kredi Kartı,,,bonus,,,,,1
540036,62,T. GARANTİ BANKASI A.Ş.,MASTER,Kredi Kartı,,,,,,,,1
540037,62,T. GARANTİ BANKASI A.Ş.,MASTER,Kredi Kartı,,,bonus,,,,,1
540669,62,T. GARANTİ BANKASI A.Ş.,MASTER,Kredi Kartı,,,bonus,,,,,1
540709,62,T. GARANTİ BANKASI A.Ş.,MASTER,Kredi Kartı,,,bonus,,,,,1
541865,62,T. GARANTİ BANKASI A.Ş.,MASTER,Kredi Kartı,,,bonus,,,,,1
542030,62,T. GARANTİ BANKASI A.Ş.,MASTER,Kredi Kartı,,,,,,,,1
544078,62,T. GARANTİ BANKASI A.Ş.,MASTER,Kredi Kartı,,,bonus,,,,,1
553130,62,T. GARANTİ BANKASI A.Ş.,MASTER,Kredi Kartı,,,bonus,,,,,1
554960,62,T. GARANTİ BANKASI A.Ş.,MASTER,Kredi Kartı,,,bonus,,,,,1
557023,62,T. GARANTİ BANKASI A.Ş.,MASTER,Kredi Kartı,,,,,,,,1
558699,62,T. GARANTİ BANKASI A.Ş.,MASTER,Kredi Kartı,,,bonus,,,,,1
113012,12,T. HALK BANKASI A.Ş.,AMEX,Kredi Kartı,,,,,,,,1
415515,12,T. HALK BANKASI A.Ş.,VISA,Debit Kart,,,,,,,,1
421030,12,T. HALK BANKASI A.Ş.,VISA,Debit Kart,,,,,,,,1
440776,12,T. HALK BANKASI A.Ş.,VISA,Debit Kart,,,,,,,,1
447505,12,T. HALK BANKASI A.Ş.,VISA,Debit Kart,,,,,,,,1
451454,12,T. HALK BANKASI A.Ş.,VISA,Debit Kart,,,,,,,,1
499821,12,T. HALK BANKASI A.Ş.,VISA,Debit Kart,,,,,,,,1
526289,12,T. HALK BANKASI A.Ş.,MASTER,Debit Kart,,,,,,,,1
526290,12,T. HALK BANKASI A.Ş.,MASTER,Debit Kart,,,,,,,,1
588843,12,T. HALK BANKASI A.Ş.,MASTER,Debit Kart,,,,,,,,1
639001,12,T. HALK BANKASI A.Ş.,MASTER,Debit Kart,,,,,,,,1
676258,12,T. HALK BANKASI A.Ş.,MASTER,Debit Kart,,,,,,,,1
979210,12,T. HALK BANKASI A.Ş.,TROY,Kredi Kartı,,,,,,,,1
979212,12,T. HALK BANKASI A.Ş.,TROY,Debit Kart,,,,,,,,1
415514,12,T. HALK BANKASI A.Ş.,VISA,Kredi Kartı,,,,,,,,1
492094,12,T. HALK BANKASI A.Ş.,VISA,Kredi Kartı,,,,,,,,1
492095,12,T. HALK BANKASI A.Ş.,VISA,Kredi Kartı,,,,,,,,1
498852,12,T. HALK BANKASI A.Ş.,VISA,Kredi Kartı,,,,,,,,1
510056,12,T. HALK BANKASI A.Ş.,MASTER,Kredi Kartı,,,,,,,,1
521378,12,T. HALK BANKASI A.Ş.,MASTER,Kredi Kartı,,,,,,,,1
540435,12,T. HALK BANKASI A.Ş.,MASTER,Kredi Kartı,,,,,,,,1
543081,12,T. HALK BANKASI A.Ş.,MASTER,Kredi Kartı,,,,,,,,1
552879,12,T. HALK BANKASI A.Ş.,MASTER,Kredi Kartı,,,,,,,,1
113064,64,T. İŞ BANKASI A.Ş.,AMEX,Kredi Kartı,,,,,,,,1
441075,64,T. İŞ BANKASI A.Ş.,VISA,Debit Kart,,,,,,,,1
441076,64,T. İŞ BANKASI A.Ş.,VISA,Debit Kart,,,,,,,,1
441077,64,T. İŞ BANKASI A.Ş.,VISA,Debit Kart,,,,,,,,1
454314,64,T. İŞ BANKASI A.Ş.,VISA,Debit Kart,,,,,,,,1
479610,64,T. İŞ BANKASI A.Ş.,VISA,Kredi Kartı,,,,,,,,1
548237,64,T. İŞ BANKASI A.Ş.,MASTER,Kredi Kartı,,,,,,,,1
589283,64,T. İŞ BANKASI A.Ş.,MASTER,Debit Kart,,,,,,,,1
603125,64,T. İŞ BANKASI A.Ş.,MASTER,Debit Kart,,,,,,,,1
979204,64,T. İŞ BANKASI A.Ş.,TROY,Kredi Kartı,,,,,,,,1
418342,64,T. İŞ BANKASI A.Ş.,VISA,Kredi Kartı,,,,,,,,1
418343,64,T. İŞ BANKASI A.Ş.,VISA,Kredi Kartı,,,,,,,,1
418344,64,T. İŞ BANKASI A.Ş.,VISA,Kredi Kartı,,,,,,,,1
418345,64,T. İŞ BANKASI A.Ş.,VISA,Kredi Kartı,,,,,,,,1
450803,64,T. İŞ BANKASI A.Ş.,VISA,Kredi Kartı,,,,,,,,1
454318,64,T. İŞ BANKASI A.Ş.,VISA,Kredi Kartı,,,,,,,,1
454358,64,T. İŞ BANKASI A.Ş.,VISA,Kredi Kartı,,,,,,,,1
454359,64,T. İŞ BANKASI A.Ş.,VISA,Kredi Kartı,,,,,,,,1
454360,64,T. İŞ BANKASI A.Ş.,VISA,Kredi Kartı,,,,,,,,1
510152,64,T. İŞ BANKASI A.Ş.,MASTER,Kredi Kartı,,,,,,,,1
540667,64,T. İŞ BANKASI A.Ş.,MASTER,Kredi Kartı,,,,,,,,1
540668,64,T. İŞ BANKASI A.Ş.,MASTER,Kredi Kartı,,,,,,,,1
543771,64,T. İŞ BANKASI A.Ş.,MASTER,Kredi Kartı,,,,,,,,1
552096,64,T. İŞ BANKASI A.Ş.,MASTER,Kredi Kartı,,,,,,,,1
553058,64,T. İŞ BANKASI A.Ş.,MASTER,Kredi Kartı,,,,,,,,1
113015,15,T. VAKIFLAR BANKASI T.A.O,AMEX,Kredi Kartı,,,,,,,,1
442671,15,T. VAKIFLAR BANKASI T.A.O,VISA,Kredi Kartı,,,,,,,,1
459252,15,T. VAKIFLAR BANKASI T.A.O,VISA,Kredi Kartı,,,,,,,,1
491005,15,T. VAKIFLAR BANKASI T.A.O,VISA,Debit Kart,,,,,,,,1
554548,15,T. VAKIFLAR BANKASI T.A.O,MASTER,Debit Kart,,,,,,,,1
589311,15,T. VAKIFLAR BANKASI T.A.O,MASTER,Debit Kart,,,,,,,,1
979209,15,T. VAKIFLAR BANKASI T.A.O,TROY,Debit Kart,,,,,,,,1
402940,15,T. VAKIFLAR BANKASI T.A.O,VISA,Kredi Kartı,,,,,,,,1
409084,15,T. VAKIFLAR BANKASI T.A.O,VISA,Kredi Kartı,,,,,,,,1
411724,15,T. VAKIFLAR BANKASI T.A.O,VISA,Kredi Kartı,,,,,,,,1
411942,15,T. VAKIFLAR BANKASI T.A.O,VISA,Kredi Kartı,,,,,,,,1
411943,15,T. VAKIFLAR BANKASI T.A.O,VISA,Kredi Kartı,,,,,,,,1
411944,15,T. VAKIFLAR BANKASI T.A.O,VISA,Kredi Kartı,,,,,,,,1
411979,15,T. VAKIFLAR BANKASI T.A.O,VISA,Kredi Kartı,,,,,,,,1
415792,15,T. VAKIFLAR BANKASI T.A.O,VISA,Kredi Kartı,,,,,,,,1
416757,15,T. VAKIFLAR BANKASI T.A.O,VISA,Kredi Kartı,,,,,,,,1
428945,15,T. VAKIFLAR BANKASI T.A.O,VISA,Kredi Kartı,,,,,,,,1
479908,15,T. VAKIFLAR BANKASI T.A.O,VISA,Kredi Kartı,,,,,,,,1
479909,15,T. VAKIFLAR BANKASI T.A.O,VISA,Kredi Kartı,,,,,,,,1
493840,15,T. VAKIFLAR BANKASI T.A.O,VISA,Kredi Kartı,,,,,,,,1
493841,15,T. VAKIFLAR BANKASI T.A.O,VISA,Kredi Kartı,,,,,,,,1
493846,15,T. VAKIFLAR BANKASI T.A.O,VISA,Kredi Kartı,,,,,,,,1
520017,15,T. VAKIFLAR BANKASI T.A.O,MASTER,Kredi Kartı,,,,,,,,1
540045,15,T. VAKIFLAR BANKASI T.A.O,MASTER,Kredi Kartı,,,,,,,,1
540046,15,T. VAKIFLAR BANKASI T.A.O,MASTER,Kredi Kartı,,,,,,,,1
542119,15,T. VAKIFLAR BANKASI T.A.O,MASTER,Kredi Kartı,,,,,,,,1
542798,15,T. VAKIFLAR BANKASI T.A.O,MASTER,Kredi Kartı,,,,,,,,1
542804,15,T. VAKIFLAR BANKASI T.A.O,MASTER,Kredi Kartı,,,,,,,,1
547244,15,T. VAKIFLAR BANKASI T.A.O,MASTER,Kredi Kartı,,,,,,,,1
552101,15,T. VAKIFLAR BANKASI T.A.O,MASTER,Kredi Kartı,,,,,,,,1
413729,109,TEKSTİLBANK A.Ş.,VISA,Kredi Kartı,,,bonus,,,,,1
413972,109,TEKSTİLBANK A.Ş.,VISA,Kredi Kartı,,,bonus,,,,,1
445988,109,TEKSTİLBANK A.Ş.,VISA,Debit Kart,,,,,,,,1
456057,109,TEKSTİLBANK A.Ş.,VISA,Kredi Kartı,,,bonus,,,,,1
456059,109,TEKSTİLBANK A.Ş.,VISA,Kredi Kartı,,,bonus,,,,,1
514025,109,TEKSTİLBANK A.Ş.,MASTER,Kredi Kartı,,,bonus,,,,,1
521875,109,TEKSTİLBANK A.Ş.,MASTER,Kredi Kartı,,,bonus,,,,,1
527080,109,TEKSTİLBANK A.Ş.,MASTER,Kredi Kartı,,,bonus,,,,,1
545769,109,TEKSTİLBANK A.Ş.,MASTER,Kredi Kartı,,,bonus,,,,,1
545770,109,TEKSTİLBANK A.Ş.,MASTER,Kredi Kartı,,,bonus,,,,,1
558634,109,TEKSTİLBANK A.Ş.,MASTER,Kredi Kartı,,,bonus,,,,,1
589416,109,TEKSTİLBANK A.Ş.,MASTER,Debit Kart,,,,,,,,1
521594,96,TURKISHBANK A.Ş.,MASTER,Debit Kart,,,,,,,,1
589288,96,TURKISHBANK A.Ş.,MASTER,Debit Kart,,,,,,,,1
677522,96,TURKISHBANK A.Ş.,MASTER,Debit Kart,,,,,,,,1
419389,96,TURKISHBANK A.Ş.,VISA,Kredi Kartı,,,,,,,,1
518599,96,TURKISHBANK A.Ş.,MASTER,Kredi Kartı,,,,,,,,1
529939,96,TURKISHBANK A.Ş.,MASTER,Kredi Kartı,,,,,,,,1
552098,96,TURKISHBANK A.Ş.,MASTER,Kredi Kartı,,,,,,,,1
603005,108,TURKLAND BANK,MASTER,Debit Kart,,,,,,,,1
676429,108,TURKLAND BANK,MASTER,Debit Kart,,,,,,,,1
979231,108,TURKLAND BANK,TROY,Kredi Kartı,,,,,,,,1
548375,108,TURKLAND BANK,MASTER,Kredi Kartı,,,,,,,,1
113032,32,TÜRK EKONOMİ BANKASI A.Ş.,AMEX,Kredi Kartı,,,,,,,,1
115032,32,TÜRK EKONOMİ BANKASI A.Ş.,CUP,Kredi Kartı,,,,,,,,1
402142,32,TÜRK EKONOMİ BANKASI A.Ş.,VISA,Debit Kart,,,,,,,,1
404315,32,TÜRK EKONOMİ BANKASI A.Ş.,VISA,Debit Kart,,,,,,,,1
404350,32,TÜRK EKONOMİ BANKASI A.Ş.,VISA,Kredi Kartı,,,,,,,,1
413528,32,TÜRK EKONOMİ BANKASI A.Ş.,VISA,Debit Kart,,,,,,,,1
416350,32,TÜRK EKONOMİ BANKASI A.Ş.,VISA,Kredi Kartı,,,bonus,,,,,1
440274,32,TÜRK EKONOMİ BANKASI A.Ş.,VISA,Debit Kart,,,,,,,,1
440295,32,TÜRK EKONOMİ BANKASI A.Ş.,VISA,Debit Kart,,,,,,,,1
447503,32,TÜRK EKONOMİ BANKASI A.Ş.,VISA,Debit Kart,,,,,,,,1
459026,32,TÜRK EKONOMİ BANKASI A.Ş.,VISA,Kredi Kartı,,,bonus,,,,,1
469188,32,TÜRK EKONOMİ BANKASI A.Ş.,VISA,Kredi Kartı,,,bonus,,,,,1
519780,32,TÜRK EKONOMİ BANKASI A.Ş.,MASTER,Kredi Kartı,,,bonus,,,,,1
527026,32,TÜRK EKONOMİ BANKASI A.Ş.,VISA,Debit Kart,,,,,,,,1
528825,32,TÜRK EKONOMİ BANKASI A.Ş.,MASTER,Debit Kart,,,,,,,,1
531531,32,TÜRK EKONOMİ BANKASI A.Ş.,MASTER,Kredi Kartı,,,bonus,,,,,1
532581,32,TÜRK EKONOMİ BANKASI A.Ş.,VISA,Kredi Kartı,,,,,,,,1
534538,32,TÜRK EKONOMİ BANKASI A.Ş.,MASTER,Kredi Kartı,,,bonus,,,,,1
535217,32,TÜRK EKONOMİ BANKASI A.Ş.,MASTER,Debit Kart,,,,,,,,1
606329,32,TÜRK EKONOMİ BANKASI A.Ş.,MASTER,Debit Kart,,,,,,,,1
676406,32,TÜRK EKONOMİ BANKASI A.Ş.,MASTER,Debit Kart,,,,,,,,1
676578,32,TÜRK EKONOMİ BANKASI A.Ş.,MASTER,Debit Kart,,,,,,,,1
979223,32,TÜRK EKONOMİ BANKASI A.Ş.,TROY,Kredi Kartı,,,,,,,,1
402458,32,TÜRK EKONOMİ BANKASI A.Ş.,VISA,Kredi Kartı,,,bonus,,,,,1
402459,32,TÜRK EKONOMİ BANKASI A.Ş.,VISA,Kredi Kartı,,,bonus,,,,,1
406015,32,TÜRK EKONOMİ BANKASI A.Ş.,VISA,Kredi Kartı,,,bonus,,,,,1
427308,32,TÜRK EKONOMİ BANKASI A.Ş.,VISA,Kredi Kartı,,,,,,,,1
427707,32,TÜRK EKONOMİ BANKASI A.Ş.,VISA,Kredi Kartı,,,,,,,,1
438040,32,TÜRK EKONOMİ BANKASI A.Ş.,VISA,Kredi Kartı,,,,,,,,1
440247,32,TÜRK EKONOMİ BANKASI A.Ş.,VISA,Kredi Kartı,,,,,,,,1
440273,32,TÜRK EKONOMİ BANKASI A.Ş.,VISA,Kredi Kartı,,,,,,,,1
440293,32,TÜRK EKONOMİ BANKASI A.Ş.,VISA,Kredi Kartı,,,bonus,,,,,1
440294,32,TÜRK EKONOMİ BANKASI A.Ş.,VISA,Kredi Kartı,,,,,,,,1
450918,32,TÜRK EKONOMİ BANKASI A.Ş.,VISA,Kredi Kartı,,,,,,,,1
455645,32,TÜRK EKONOMİ BANKASI A.Ş.,VISA,Kredi Kartı,,,,,,,,1
479227,32,TÜRK EKONOMİ BANKASI A.Ş.,VISA,Kredi Kartı,,,,,,,,1
489494,32,TÜRK EKONOMİ BANKASI A.Ş.,VISA,Kredi Kartı,,,bonus,,,,,1
489495,32,TÜRK EKONOMİ BANKASI A.Ş.,VISA,Kredi Kartı,,,bonus,,,,,1
489496,32,TÜRK EKONOMİ BANKASI A.Ş.,VISA,Kredi Kartı,,,bonus,,,,,1
510138,32,TÜRK EKONOMİ BANKASI A.Ş.,MASTER,Kredi Kartı,,,,,,,,1
510139,32,TÜRK EKONOMİ BANKASI A.Ş.,MASTER,Kredi Kartı,,,,,,,,1
510221,32,TÜRK EKONOMİ BANKASI A.Ş.,MASTER,Kredi Kartı,,,bonus,,,,,1
512753,32,TÜRK EKONOMİ BANKASI A.Ş.,MASTER,Kredi Kartı,,,bonus,,,,,1
512803,32,TÜRK EKONOMİ BANKASI A.Ş.,MASTER,Kredi Kartı,,,bonus,,,,,1
524346,32,TÜRK EKONOMİ BANKASI A.Ş.,MASTER,Kredi Kartı,,,bonus,,,,,1
524839,32,TÜRK EKONOMİ BANKASI A.Ş.,MASTER,Kredi Kartı,,,bonus,,,,,1
524840,32,TÜRK EKONOMİ BANKASI A.Ş.,MASTER,Kredi Kartı,,,bonus,,,,,1
525314,32,TÜRK EKONOMİ BANKASI A.Ş.,MASTER,Kredi Kartı,,,,,,,,1
528920,32,TÜRK EKONOMİ BANKASI A.Ş.,MASTER,Kredi Kartı,,,bonus,,,,,1
530853,32,TÜRK EKONOMİ BANKASI A.Ş.,MASTER,Kredi Kartı,,,bonus,,,,,1
542259,32,TÜRK EKONOMİ BANKASI A.Ş.,MASTER,Kredi Kartı,,,,,,,,1
545124,32,TÜRK EKONOMİ BANKASI A.Ş.,MASTER,Kredi Kartı,,,bonus,,,,,1
545148,32,TÜRK EKONOMİ BANKASI A.Ş.,MASTER,Kredi Kartı,,,,,,,,1
547985,32,TÜRK EKONOMİ BANKASI A.Ş.,MASTER,Kredi Kartı,,,,,,,,1
549998,32,TÜRK EKONOMİ BANKASI A.Ş.,MASTER,Kredi Kartı,,,,,,,,1
550449,32,TÜRK EKONOMİ BANKASI A.Ş.,MASTER,Kredi Kartı,,,,,,,,1
552207,32,TÜRK EKONOMİ BANKASI A.Ş.,MASTER,Kredi Kartı,,,,,,,,1
553090,32,TÜRK EKONOMİ BANKASI A.Ş.,MASTER,Kredi Kartı,,,bonus,,,,,1
427308,71,TÜRK EKONOMİ BANKASI A.Ş., VISA, BUSINESS, , ,world,,,1,0,1
438040,71,TÜRK EKONOMİ BANKASI A.Ş., VISA, PLATINUM, , ,world,,,1,0,1
450918,71,TÜRK EKONOMİ BANKASI A.Ş., VISA, CLASSIC, , ,world,,,1,0,1
455645,71,TÜRK EKONOMİ BANKASI A.Ş., VISA, GOLD, , ,world,,,1,1,1
525314,71,TÜRK EKONOMİ BANKASI A.Ş., MASTERCARD, CLASSIC, , , ,,,1,0,1
542259,71,TÜRK EKONOMİ BANKASI A.Ş., MASTERCARD, TITANIUM, , , ,,,1,0,1
547985,71,TÜRK EKONOMİ BANKASI A.Ş., MASTERCARD, BUSINESS, , , ,,,1,0,1
545148,71,TÜRK EKONOMİ BANKASI A.Ş., MASTERCARD, SIGNIA, , , ,,,1,0,1
549998,71,TÜRK EKONOMİ BANKASI A.Ş., MASTERCARD, CLASSIC, , ,world,,,1,0,1
550449,71,TÜRK EKONOMİ BANKASI A.Ş., MASTERCARD, GOLD, , ,world,,,1,0,1
552207,71,TÜRK EKONOMİ BANKASI A.Ş., MASTERCARD, PLATINUM, , ,world,,,1,0,1
400742,206,TÜRKİYE FİNANS KATILIM BANKASI,VISA,Kredi Kartı,,,bonus,,,,,1
424927,206,TÜRKİYE FİNANS KATILIM BANKASI,VISA,Kredi Kartı,,,bonus,,,,,1
424931,206,TÜRKİYE FİNANS KATILIM BANKASI,VISA,Kredi Kartı,,,,,,,,1
435629,206,TÜRKİYE FİNANS KATILIM BANKASI,VISA,Debit Kart,,,,,,,,1
441206,206,TÜRKİYE FİNANS KATILIM BANKASI,VISA,Kredi Kartı,,,bonus,,,,,1
459907,206,TÜRKİYE FİNANS KATILIM BANKASI,VISA,Kredi Kartı,,,bonus,,,,,1
470954,206,TÜRKİYE FİNANS KATILIM BANKASI,VISA,Kredi Kartı,,,bonus,,,,,1
479915,206,TÜRKİYE FİNANS KATILIM BANKASI,VISA,Kredi Kartı,,,bonus,,,,,1
479916,206,TÜRKİYE FİNANS KATILIM BANKASI,VISA,Kredi Kartı,,,bonus,,,,,1
479917,206,TÜRKİYE FİNANS KATILIM BANKASI,VISA,Kredi Kartı,,,bonus,,,,,1
485060,206,TÜRKİYE FİNANS KATILIM BANKASI,VISA,Debit Kart,,,,,,,,1
485061,206,TÜRKİYE FİNANS KATILIM BANKASI,VISA,Debit Kart,,,,,,,,1
498724,206,TÜRKİYE FİNANS KATILIM BANKASI,VISA,Kredi Kartı,,,bonus,,,,,1
498725,206,TÜRKİYE FİNANS KATILIM BANKASI,VISA,Kredi Kartı,,,bonus,,,,,1
511758,206,TÜRKİYE FİNANS KATILIM BANKASI,MASTER,Kredi Kartı,,,bonus,,,,,1
511783,206,TÜRKİYE FİNANS KATILIM BANKASI,MASTER,Kredi Kartı,,,bonus,,,,,1
512360,206,TÜRKİYE FİNANS KATILIM BANKASI,MASTER,Kredi Kartı,,,bonus,,,,,1
528293,206,TÜRKİYE FİNANS KATILIM BANKASI,MASTER,Kredi Kartı,,,bonus,,,,,1
552610,206,TÜRKİYE FİNANS KATILIM BANKASI,MASTER,Kredi Kartı,,,,,,,,1
606043,206,TÜRKİYE FİNANS KATILIM BANKASI,MASTER,Debit Kart,,,,,,,,1
627161,206,TÜRKİYE FİNANS KATILIM BANKASI,MASTER,Debit Kart,,,,,,,,1
677451,206,TÜRKİYE FİNANS KATILIM BANKASI,VISA,Debit Kart,,,,,,,,1
979218,206,TÜRKİYE FİNANS KATILIM BANKASI,TROY,Debit Kart,,,,,,,,1
404952,206,TÜRKİYE FİNANS KATILIM BANKASI,VISA,Kredi Kartı,,,,,,,,1
411685,206,TÜRKİYE FİNANS KATILIM BANKASI,VISA,Kredi Kartı,,,,,,,,1
428462,206,TÜRKİYE FİNANS KATILIM BANKASI,VISA,Kredi Kartı,,,bonus,,,,,1
435627,206,TÜRKİYE FİNANS KATILIM BANKASI,VISA,Kredi Kartı,,,,,,,,1
435628,206,TÜRKİYE FİNANS KATILIM BANKASI,VISA,Kredi Kartı,,,,,,,,1
521848,206,TÜRKİYE FİNANS KATILIM BANKASI,MASTER,Kredi Kartı,,,bonus,,,,,1
537719,206,TÜRKİYE FİNANS KATILIM BANKASI,MASTER,Kredi Kartı,,,bonus,,,,,1
549294,206,TÜRKİYE FİNANS KATILIM BANKASI,MASTER,Kredi Kartı,,,bonus,,,,,1
670544,210,VAKIF KATILIM BANKASI A.S,MASTER,Debit Kart,,,,,,,,1
401622,67,YAPI VE KREDİ BANKASI A.Ş.,VISA,Debit Kart,,,,,,,,1
413382,67,YAPI VE KREDİ BANKASI A.Ş.,VISA,Debit Kart,,,,,,,,1
414392,67,YAPI VE KREDİ BANKASI A.Ş.,VISA,Debit Kart,,,,,,,,1
420342,67,YAPI VE KREDİ BANKASI A.Ş.,VISA,Debit Kart,,,,,,,,1
420343,67,YAPI VE KREDİ BANKASI A.Ş.,VISA,Debit Kart,,,,,,,,1
442106,67,YAPI VE KREDİ BANKASI A.Ş.,VISA,Debit Kart,,,,,,,,1
476625,67,YAPI VE KREDİ BANKASI A.Ş.,VISA,Kredi Kartı,,,,,,,,1
476626,67,YAPI VE KREDİ BANKASI A.Ş.,VISA,Kredi Kartı,,,,,,,,1
479612,67,YAPI VE KREDİ BANKASI A.Ş.,VISA,Debit Kart,,,,,,,,1
479620,67,YAPI VE KREDİ BANKASI A.Ş.,VISA,Kredi Kartı,,,,,,,,1
490983,67,YAPI VE KREDİ BANKASI A.Ş.,VISA,Debit Kart,,,,,,,,1
494314,67,YAPI VE KREDİ BANKASI A.Ş.,VISA,Debit Kart,,,,,,,,1
516888,67,YAPI VE KREDİ BANKASI A.Ş.,MASTER,Debit Kart,,,,,,,,1
525864,67,YAPI VE KREDİ BANKASI A.Ş.,MASTER,Kredi Kartı,,,,,,,,1
533913,67,YAPI VE KREDİ BANKASI A.Ş.,MASTER,Kredi Kartı,,,,,,,,1
535435,67,YAPI VE KREDİ BANKASI A.Ş.,MASTER,Debit Kart,,,,,,,,1
535601,67,YAPI VE KREDİ BANKASI A.Ş.,MASTER,Debit Kart,,,,,,,,1
535602,67,YAPI VE KREDİ BANKASI A.Ş.,MASTER,Debit Kart,,,,,,,,1
537833,67,YAPI VE KREDİ BANKASI A.Ş.,MASTER,Debit Kart,,,,,,,,1
603797,67,YAPI VE KREDİ BANKASI A.Ş.,MASTER,Debit Kart,,,,,,,,1
639004,67,YAPI VE KREDİ BANKASI A.Ş.,MASTER,Debit Kart,,,,,,,,1
676166,67,YAPI VE KREDİ BANKASI A.Ş.,MASTER,Debit Kart,,,,,,,,1
979215,67,YAPI VE KREDİ BANKASI A.Ş.,TROY,Kredi Kartı,,,,,,,,1
404809,67,YAPI VE KREDİ BANKASI A.Ş.,VISA,Kredi Kartı,,,,,,,,1
446212,67,YAPI VE KREDİ BANKASI A.Ş.,VISA,Kredi Kartı,,,,,,,,1
450634,67,YAPI VE KREDİ BANKASI A.Ş.,VISA,Kredi Kartı,,,,,,,,1
455359,67,YAPI VE KREDİ BANKASI A.Ş.,VISA,Kredi Kartı,,,,,,,,1
477959,67,YAPI VE KREDİ BANKASI A.Ş.,VISA,Kredi Kartı,,,,,,,,1
479794,67,YAPI VE KREDİ BANKASI A.Ş.,VISA,Kredi Kartı,,,,,,,,1
479795,67,YAPI VE KREDİ BANKASI A.Ş.,VISA,Kredi Kartı,,,,,,,,1
491205,67,YAPI VE KREDİ BANKASI A.Ş.,VISA,Kredi Kartı,,,,,,,,1
491206,67,YAPI VE KREDİ BANKASI A.Ş.,VISA,Kredi Kartı,,,,,,,,1
492128,67,YAPI VE KREDİ BANKASI A.Ş.,VISA,Kredi Kartı,,,,,,,,1
492130,67,YAPI VE KREDİ BANKASI A.Ş.,VISA,Kredi Kartı,,,,,,,,1
492131,67,YAPI VE KREDİ BANKASI A.Ş.,VISA,Kredi Kartı,,,,,,,,1
510054,67,YAPI VE KREDİ BANKASI A.Ş.,MASTER,Kredi Kartı,,,,,,,,1
540061,67,YAPI VE KREDİ BANKASI A.Ş.,MASTER,Kredi Kartı,,,,,,,,1
540062,67,YAPI VE KREDİ BANKASI A.Ş.,MASTER,Kredi Kartı,,,,,,,,1
540063,67,YAPI VE KREDİ BANKASI A.Ş.,MASTER,Kredi Kartı,,,,,,,,1
540122,67,YAPI VE KREDİ BANKASI A.Ş.,MASTER,Kredi Kartı,,,,,,,,1
540129,67,YAPI VE KREDİ BANKASI A.Ş.,MASTER,Kredi Kartı,,,,,,,,1
542117,67,YAPI VE KREDİ BANKASI A.Ş.,MASTER,Kredi Kartı,,,,,,,,1
545103,67,YAPI VE KREDİ BANKASI A.Ş.,MASTER,Kredi Kartı,,,,,,,,1
552645,67,YAPI VE KREDİ BANKASI A.Ş.,MASTER,Kredi Kartı,,,,,,,,1
552659,67,YAPI VE KREDİ BANKASI A.Ş.,MASTER,Kredi Kartı,,,,,,,,1
554422,67,YAPI VE KREDİ BANKASI A.Ş.,MASTER,Kredi Kartı,,,,,,,,1
416283,209,ZİRAAT KATILIM BANKASI A.Ş.,VISA,Kredi Kartı,,,,,,,,1
539134,209,ZİRAAT KATILIM BANKASI A.Ş.,MASTER,Kredi Kartı,,,,,,,,1
670586,209,ZİRAAT KATILIM BANKASI A.Ş.,MASTER,Debit Kart,,,,,,,,1
979221,209,ZİRAAT KATILIM BANKASI A.Ş.,TROY,Kredi Kartı,,,,,,,,1
